typ,id_jednostki,wojewodztwo,powiat,gmina,nazwa,kod_pocztowy,miejscowosc,ulica,numer_domu,telefon,www,email,godziny_pracy,teryt_gminy,latitude,longitude,geo_precyzja,uwagi
CUS,132.0,małopolskie,Tarnów,Tarnów,Centrum Usług Społecznych w Tarnowie,33-100,Tarnów,ul. Kazimierza Brodzińskiego,14,14 688 21 80,www.cus.tarnow.pl,cus@cus.tarnow.pl,"Godziny pracy CUS:
poniedziałek - piątek : 7:30 - 15:30

Godziny pracy Biura Obsługi Mieszkańców
poniedziałek: 8:00 - 17:00
wtorek - piątek: 8:00 - 15:00

Adres do eDoręczeń: AE:PL-15546-28068-JGDHE-15
Adres ePUAP: /mopstar/skrytka",1263011,50.0121,20.9858,miejscowosc,źródło: RJPS eksport 06.03.2026
CUS,2835.0,małopolskie,krakowski,Liszki,Centrum Usług Społecznych w Liszkach,32-060,Liszki,ul. Św. Jana Kantego,5,(12) 256-10-63,https://liszki.pl/cus,cus@liszki.pl,"poniedziałek : 08:00 do 17:00
wtorek-piątek 7:30 do 15:30
piątek 7:30 do 14:30",1206072,50.0259,19.7459,miejscowosc,źródło: RJPS eksport 06.03.2026
CUS,5312.0,małopolskie,krakowski,Mogilany,Centrum Usług Społecznych w Mogilanach,32-031,Mogilany,rynek Rynek,2,(12) 270-10-25,,cus@cus.mogilany.pl,"poniedziałki w godz. 9.00 - 17.00
wtorki, środy, czwartki, piątki w godz. 7.00-15.00",1206092,49.9512,19.9383,miejscowosc,źródło: RJPS eksport 06.03.2026
CUS,2863.0,małopolskie,myślenicki,Myślenice,Centrum Usług Społecznych  w Myślenicach,32-400,Myślenice,ul. Juliusza Słowackiego,82,(12) 272-19-98,www.cusmyslenice.pl,info@cusmyslenice.pl,"Poniedziałek 7:00 - 17:00
Wtorek-Piątek 7:00 - 15:00",1209011,49.8373,19.9378,miejscowosc,źródło: RJPS eksport 06.03.2026
CUS,2872.0,małopolskie,nowosądecki,Grybów,Gminne Centrum Usług Społecznych w Grybowie,33-330,Grybów,ul. Jakubowskiego,33,(18) 448-42-40,gcus.gminagrybow.pl,gcus@gminagrybow.pl,poniedziałek-piątek 7:15 - 15:15,1210041,49.6246,20.9431,miejscowosc,źródło: RJPS eksport 06.03.2026
CUS,2871.0,małopolskie,nowosądecki,Grybów,Miejskie Centrum Usług Społecznych w  Grybowie,33-330,Grybów,ul. Ogrodowa,4,18 445 21 62,mcus.grybow.pl,mcus@grybow.pl,"poniedziałek 7:00 - 17:00
wtorek 7:00 - 15:00 
środa 7:00 - 15:00 
czwartek 7:00 - 15:00 
piątek 7:00 - 15:00 ",1210041,49.6246,20.9431,miejscowosc,źródło: RJPS eksport 06.03.2026
CUS,2874.0,małopolskie,nowosądecki,Korzenna,Centrum Usług Społecznych w Korzennej,33-322,Korzenna,,325,(18) 440-66-26,https://cuskorzenna.pl/,kontakt@cuskorzenna.pl,"Poniedziałek od 8.00 do 16.00
Wtorek od 7.15 do 15.15
Środa od 7.15 do 15.15
Czwartek od 7.15 do 15.15
Piątek od 7.15 do 15.15",1210072,49.6699,20.835,miejscowosc,źródło: RJPS eksport 06.03.2026
CUS,2884.0,małopolskie,nowosądecki,Stary Sącz,Centrum Usług Społecznych w Starym Sączu,33-340,Stary Sącz,ul. 11 Listopada,11,(18) 446-20-70,https://starysacz.naszcus.pl/,cus@starysacz.naszcus.pl,"Poniedziałek 7:30-1`5:30
Wtorek 7:30 - 17:00
Środa 7:30 - 15:30
Czwartek 7:30 - 15:30
Piątek 15:30 - 17:00",1210151,49.5616,20.6348,miejscowosc,źródło: RJPS eksport 06.03.2026
CUS,2901.0,małopolskie,olkuski,Klucze,Centrum Usług Społecznych w Kluczach,32-310,Klucze,ul. Zawierciańska,16,32 642 84 67        32 642 94 01,www.cus.gmina-klucze.pl,cus@gmina-klucze.pl,,1212042,50.3541,19.6132,miejscowosc,źródło: RJPS eksport 06.03.2026
CUS,2907.0,małopolskie,oświęcimski,Kęty,Centrum Usług Społecznych w Kętach,32-650,Kęty,ul. Żwirki i Wigury,8,(33) 845-28-70,www.cus.kety.pl,poczta@cus.kety.pl,"Godziny
 pracy CUS: 1. od poniedziałku do piątku od 7.00 do 15.00, 
2. Dział profilaktyki uzależnień i przeciwdziałania przemocy domowej - poniedziałek, środa, czwartek, piątek -7.00-15.00, wtorek od 8.00 do 20.00,  
3. Punkt Informacji, Wsparcia i Pomocy dla osób dotkniętych przemocą domową - poniedziałki i środy od 15.00 do 17.00, 
4. Dział Usług Opiekuńczych pracuje w zadaniowym trybie pracy, w systemie dwuzmianowym - 7.00-20.00,  
5. W celu umożliwienia realizacji art. 12a ustawy o przeciwdziałaniu przemocy w rodzinie, pracownicy socjalni pełnią dyżur telefoniczny od 
poniedziałku do piątku  w godzinach od 15.00 do 21.00, oraz soboty i niedziele od godziny 7.00 do 21.00.",1213061,49.8834,19.2282,miejscowosc,źródło: RJPS eksport 06.03.2026
CUS,2909.0,małopolskie,oświęcimski,Oświęcim,Centrum Usług Społecznych w Oświęcimiu,32-602,Oświęcim,ul. Jana III Sobieskiego,15B,(33) 847-90-00,cus-oswiecim.pl,cus.biuro@cus-oswiecim.pl,"pn., śr., cz. 7:00-15:00; wt. 7:00-17:00, pt. 7:00-13:00",1213011,50.0347,19.211,miejscowosc,źródło: RJPS eksport 06.03.2026
CUS,4471.0,małopolskie,tarnowski,Ryglice,Centrum Usług Społecznych w Ryglicach,33-160,Ryglice,ul. ks. Jakuba Wyrwy,2,(14) 644-31-64,www.bip.malopolska.pl/cusryglice,cus@ryglice.pl,7:00-15:00,1216081,49.8684,21.068,miejscowosc,źródło: RJPS eksport 06.03.2026
CUS,2933.0,małopolskie,tarnowski,Skrzyszów,Centrum Usług Społecznych w Skrzyszowie,33-156,Skrzyszów,,638,(14) 688-99-50,cus.skrzyszow.pl,cus@skrzyszow.pl,"poniedziałek     9:00 - 17:00
wtorek - piątek 7:30 - 15:30",1216102,49.9915,20.9849,miejscowosc,źródło: RJPS eksport 06.03.2026
CUS,2958.0,małopolskie,wielicki,Niepołomice,Centrum Usług Społecznych w Niepołomicach,32-005,Niepołomice,ul. Bocheńska,26,(12) 284-87-25,www.cus-niepolomice.eu,cus@niepolomice.eu,"poniedziałki 7:00 - 17:00
wtorek - piątek 7:00 - 15:00",1219051,50.0336,20.2167,miejscowosc,źródło: RJPS eksport 06.03.2026
MOPR,130.0,małopolskie,Kraków,Kraków-Podgórze,Miejski Ośrodek Pomocy Społecznej w Krakowie,30-529,Kraków-Podgórze,ul. Józefińska,14,(12) 616-54-27,www.mops.krakow.pl,do@mops.krakow.pl,7.30-15.30,1261011,50.0381,19.9656,dzielnica,źródło: RJPS eksport 06.03.2026
MOPR,131.0,małopolskie,Nowy Sącz,Nowy Sącz,Miejski Ośrodek Pomocy Społecznej  w Nowym Sączu,33-300,Nowy Sącz,ul. Grunwaldzka,59A,(18) 444-36-23,www.mops.nowysacz.pl,mops@nowysacz.pl,"poniedziałek 8:00-16:00, wtorek-piątek 7:00-15:00",1262011,49.6243,20.6921,miejscowosc,źródło: RJPS eksport 06.03.2026
OPS,4472.0,małopolskie,Tarnów,Tarnów,Gminny Ośrodek Pomocy Społecznej w Tarnowie,33-100,Tarnów,ul. Krakowska,19,(14) 688-01-50,www.gops.ugtarnow.pro-linuxpl.com,gops@gmina.tarnow.pl,Poniedziałek 8.30. do 16.30 Wtorek- Piątek 7.30 - 15.30,1263011,50.0121,20.9858,miejscowosc,źródło: RJPS eksport 06.03.2026
OPS,2793.0,małopolskie,bocheński,Bochnia,Miejski Ośrodek Pomocy Społecznej w Bochni,32-700,Bochnia,ul. Kolejowa,14,14-615-39-10,https://mopsbochnia.pl/,mops@mopsbochnia.pl,7.30 - 15.30,1201011,49.9698,20.4316,miejscowosc,źródło: RJPS eksport 06.03.2026
OPS,2796.0,małopolskie,bocheński,Lipnica Murowana,Gminny Ośrodek Pomocy Społecznej w Lipnicy Murowanej,32-724,Lipnica Murowana,,25,14 685 23 30,https://www.gops.lipnicamurowana.pl,gops@lipnicamurowana.pl,"Poniedziałek - piątek 
07:30 - 15:30",1201042,49.8505,20.3273,miejscowosc,źródło: RJPS eksport 06.03.2026
OPS,2800.0,małopolskie,bocheński,Trzciana,Gminny Ośrodek Pomocy Społecznej  w Trzcianie,32-733,Trzciana,,302,(14) 613-60-02,www.gopstrzciana.pl,sekretariat@gopstrzciana.pl,poniedziałek-piątek 7.30-15.30,1201082,49.8934,20.4021,miejscowosc,źródło: RJPS eksport 06.03.2026
OPS,2797.0,małopolskie,bocheński,Łapanów,Gminny Ośrodek Pomocy Społecznej w Łapanowie,32-740,Łapanów,,36,(14) 685-39-04,,gops@lapanow.pl,"poniedziałek 8.00- 16.00 , wtorek, środa,czwartek i piątek 7.30- 15.30",1201052,49.9241,20.4837,miejscowosc,źródło: RJPS eksport 06.03.2026
OPS,2801.0,małopolskie,bocheński,Żegocina,Gminny Ośrodek Pomocy Społecznej w Żegocinie,32-731,Żegocina,,316,(14) 613-20-02,https://gops.zegocina.pl/,gops@zegocina.pl,"7.30-16.30 poniedziałek
7.30 - 15.30 wtorek - czwartek
7.30 - 14.30 piątek",1201092,49.8793,20.3749,miejscowosc,źródło: RJPS eksport 06.03.2026
OPS,2802.0,małopolskie,brzeski,Borzęcin,Gminny Ośrodek Pomocy Społecznej w Borzęcinie,32-825,Borzęcin,,563A,(14) 684-60-32,https://borzecin.naszops.pl/,gops@borzecin.pl,"Pon- 8.00 - 17.00
Wt- 7.30 - 15.30
Śr - 7.30 - 15.30
Czw - 7.30 - 15.30 
Pt - 7.30 - 14.30
",1202022,50.0635,20.7084,miejscowosc,źródło: RJPS eksport 06.03.2026
OPS,2803.0,małopolskie,brzeski,Brzesko,Miejski Ośrodek Pomocy Społecznej w Brzesku,32-800,Brzesko,ul. Adama Mickiewicza,21,(14) 663-15-83,www.mops.brzesko.pl,mops@brzesko.pl,7.30-15.30,1202011,49.9753,20.6164,miejscowosc,źródło: RJPS eksport 06.03.2026
OPS,2810.0,małopolskie,chrzanowski,Babice,Ośrodek Pomocy Społecznej w Babicach,32-551,Babice,ul. Kardynała Wyszyńskiego,35,(32) 613-40-50,ops.babice.pl,ops@babice.pl,"GODZINY URZĘDOWANIA:
- poniedziałek od 7:00 do 16:00
- wtorek od 7:00 do 15:00 
- środa od 7:00 do 15:00
- czwartek od 7:00 do 15:00
- piątek od 7:00 do 14:00",1203032,50.0896,19.4661,miejscowosc,źródło: RJPS eksport 06.03.2026
OPS,2811.0,małopolskie,chrzanowski,Chrzanów,Ośrodek Pomocy Społecznej w Chrzanowie,32-500,Chrzanów,ul. Jagiellońska,4,32 735 69 00,www.ops.chrzanow.pl,sekretariat@ops.chrzanow.pl,"Poniedziałek  od 7.00 do 16.00
Wtorek          od 7.00 do 15.00
Środa            od 7.00 do 15.00
Czwartek       od 7.00 do 15.00
Piątek            od 7.00 do 14.00",1203011,50.136,19.4019,miejscowosc,źródło: RJPS eksport 06.03.2026
OPS,2812.0,małopolskie,chrzanowski,Libiąż,Ośrodek Pomocy Społecznej w Libiążu,32-590,Libiąż,ul. 9 Maja,2,(32) 627-78-25,www.ops.libiaz.pl,ops@opslibiaz.pl,Poniedziałek: 7.00 - 16.00 Wtorek - Czwartek: 7.00 - 15.00 Piątek: 7.00 - 14.00,1203041,50.109,19.326,miejscowosc,źródło: RJPS eksport 06.03.2026
OPS,2814.0,małopolskie,dąbrowski,Bolesław,Gminny Ośrodek Pomocy Społecznej w  Bolesławiu (pow. dąbrowski),33-220,Bolesław,,68,(14) 641-50-27,,gops@boleslaw.com.pl,7:30 - 15:30,1204022,50.2781,19.5506,miejscowosc,źródło: RJPS eksport 06.03.2026
OPS,2816.0,małopolskie,dąbrowski,Gręboszów,Gminny Ośrodek Pomocy Społecznej w Gręboszowie,33-260,Gręboszów,,137,(14) 641-60-27,http://gops.greboszow.pl/,gops@greboszow.pl,7:30-15:30,1204032,50.1568,20.8946,miejscowosc,źródło: RJPS eksport 06.03.2026
OPS,2820.0,małopolskie,gorlicki,Biecz,Miejsko-Gminny Ośrodek Pomocy Społecznej w Bieczu,38-340,Biecz,ul. Binarowska,5,"(13) 447-00-41, (13) 447-24-80",,sekretariat@mgopsbiecz.pl,7.00-15.00,1205022,49.7315,21.2602,miejscowosc,źródło: RJPS eksport 06.03.2026
OPS,2821.0,małopolskie,gorlicki,Bobowa,Ośrodek Pomocy Społecznej w Bobowej,38-350,Bobowa,ul. Rynek,21,(18) 351-44-56,www.bobowa.pl,gops@bobowa.pl,7.30 do 15.30,1205032,49.6849,21.0115,miejscowosc,źródło: RJPS eksport 06.03.2026
OPS,2823.0,małopolskie,gorlicki,Gorlice,Gminny Ośrodek Pomocy Społecznej w Gorlicach,38-300,Gorlice,ul. Ignacego Łukasiewicza,6,(18) 353-75-74,gops.gorlice.net.pl,gops.gorlice@post.pl,pn.- pt. 7.30 - 15.30,1205011,49.6556,21.1608,miejscowosc,źródło: RJPS eksport 06.03.2026
OPS,2827.0,małopolskie,gorlicki,Sękowa,Gminny Ośrodek Pomocy Społecznej w Sękowej,38-307,Sękowa,,252,(18) 351-80-10,,gopssekowa@op.pl,"pon. 8:00-16:00, wt.-pt. 7:30-15:30",1205082,49.6316,21.2268,miejscowosc,źródło: RJPS eksport 06.03.2026
OPS,2828.0,małopolskie,gorlicki,Uście Gorlickie,Ośrodek Pomocy Społecznej w Uściu Gorlickim,38-315,Uście Gorlickie,,267,(18)35-16-491,www.usciegorlickie.pl,ops@usciegorlickie.pl,7.30-15.30,1205092,49.544,21.1762,miejscowosc,źródło: RJPS eksport 06.03.2026
OPS,2829.0,małopolskie,krakowski,Czernichów,Gminny Ośrodek Pomocy Społecznej w Czernichowie,32-070,Czernichów,ul. Gminna,1,(12) 270-21-57,www.gops.czernichow.pl,gops@czernichow.pl,poniedziałek 7.30-17.00 Wtorek - Czwartek 7.30 - 15.30 piątek 7.30- 14.00,1206022,49.9649,19.7862,miejscowosc,źródło: RJPS eksport 06.03.2026
OPS,2832.0,małopolskie,krakowski,Jerzmanowice-Przeginia,Gminny Ośrodek Pomocy Społecznej w Jerzmanowicach,32-048,Jerzmanowice,ul. Rajska,22,(12) 389-50-71,jerzmanowice.naszops.pl,gops@jerzmanowice-przeginia.pl,,1206052,50.2142,19.803,miejscowosc,źródło: RJPS eksport 06.03.2026
OPS,2833.0,małopolskie,krakowski,Kocmyrzów-Luborzyca,Gminny Ośrodek Pomocy Społecznej w Kocmyrzowie-Luborzycy,32-010,Luborzyca,ul. Jagiellońska,7,(12) 387-11-10,https://kocmyrzow-luborzyca.gopsinfo.pl,gopskocmyrzow@poczta.onet.pl,"pon.:        9.00-18.00
wt.-czw.:  7.00-15.00
pt.:           7.00-14.00",1206062,50.1435,20.1254,miejscowosc,źródło: RJPS eksport 06.03.2026
OPS,2834.0,małopolskie,krakowski,Krzeszowice,Gminny Ośrodek Pomocy Społecznej w Krzeszowicach,32-065,Krzeszowice,ul. Krakowska,11,(12) 258-30-80,gopskrzeszowice.pl,sekretariat@gopskrzeszowice.pl,7:30-15:30,1206011,50.1399,19.631,miejscowosc,źródło: RJPS eksport 06.03.2026
OPS,2836.0,małopolskie,krakowski,Michałowice,Gminny Ośrodek Pomocy Społecznej w Michałowicach,32-091,Michałowice,pl. Józefa Piłsudskiego,1,(12) 388-87-70,,gops@michalowice.malopolska.pl,"poniedziałki: 9:00 - 18:00, wtorki - czwartki: 8:00 - 16:00 oraz piątki: 8:00 - 15:00",1206082,50.1218,19.8874,miejscowosc,źródło: RJPS eksport 06.03.2026
OPS,2840.0,małopolskie,krakowski,Sułoszowa,Gminny Ośrodek Pomocy Społecznej w Sułoszowej,32-045,Sułoszowa,ul. Krakowska,139,(12) 389-60-28,www.suloszowa.naszops.pl,gops@suloszowa.pl,"poniedziałek 9:15 - 17:15 
wtorek - piątek 7:30 - 15:30",1206132,50.2103,19.7987,miejscowosc,źródło: RJPS eksport 06.03.2026
OPS,2839.0,małopolskie,krakowski,Słomniki,Gminny Ośrodek Pomocy Społecznej w Słomnikach,32-090,Słomniki,ul. Stefana Żeromskiego,2,(12) 388-12-72,www.gops-slomniki.pl,gops@slomniki.pl,"pon. 9.00-17.00, wt. - pt. 7.30-15.30",1206121,50.2315,20.082,miejscowosc,źródło: RJPS eksport 06.03.2026
OPS,2842.0,małopolskie,krakowski,Zabierzów,Gminny Ośrodek Pomocy Społecznej w Zabierzowie,32-080,Zabierzów,ul. Cmentarna,2,(12) 285-14-13,www.gopszabierzow.pl,sekretariat@gopszabierzow.pl,poniedziałek - piątek 7.00 - 16.00 ,1206162,50.0997,19.786,miejscowosc,źródło: RJPS eksport 06.03.2026
OPS,2843.0,małopolskie,krakowski,Zielonki,Gminny Ośrodek Pomocy Społecznej w Zielonkach,32-087,Zielonki,ul. Galicyjska,17,(12) 627-33-00,http://www.gopszielonki.naszops.pl/,sekretariat@gops-zielonki.pl,"poniedziałek od 9.00 - 17.00, wtorek - piątek od 7.45 - 15.45,",1206172,50.1231,19.967,miejscowosc,źródło: RJPS eksport 06.03.2026
OPS,2841.0,małopolskie,krakowski,Świątniki Górne,Gminny Ośrodek Pomocy Społecznej w Świątnikach Górnych,32-040,Świątniki Górne,ul. Krakowska,2,(12) 270-42-26,www.swiatniki-gorne.pl,gops@swiatniki-gorne.pl,poniedziałek 7.00-17.00;wtorek-czwartek 7.00-15.00;piątek 7.00-13.00 i 13.00-15.00 dziennik podawczy,1206142,49.9637,19.8952,miejscowosc,źródło: RJPS eksport 06.03.2026
OPS,2844.0,małopolskie,limanowski,Dobra,Gminny Ośrodek Pomocy Społecznej w Dobrej,34-642,Dobra,,38,(18) 333-00-60,gops.gminadobra.pl,opsdobra@pro.onet.pl,"Poniedziałek   8:00 - 16:00 
Wtorek - Piątek  7:15 - 15:15
Sobota - Niedziela  Nieczynne",1207022,49.7152,20.3024,miejscowosc,źródło: RJPS eksport 06.03.2026
OPS,2845.0,małopolskie,limanowski,Jodłownik,Gminny Ośrodek Pomocy Społecznej w Jodłowniku,34-620,Jodłownik,,195,(18) 3347070,,gops@jodlownik.iap.pl,7.45-15.45,1207032,49.7601,20.3277,miejscowosc,źródło: RJPS eksport 06.03.2026
OPS,4346.0,małopolskie,limanowski,Laskowa,Gminny Ośrodek Pomocy Społecznej w Laskowej,34-602,Laskowa,,643,513136082,https://bip.malopolska.pl/gopswlaskowej,gops@laskowa.pl,7.30  - 15.30,1207052,49.7539,20.266,miejscowosc,źródło: RJPS eksport 06.03.2026
OPS,2848.0,małopolskie,limanowski,Limanowa,Gminny Ośrodek Pomocy Społecznej w Limanowej,34-600,Limanowa,ul. Matki Boskiej Bolesnej,18,(18) 337-36-57,,gops@gminalimanowa.pl,7:30 do 15:30,1207011,49.7076,20.4269,miejscowosc,źródło: RJPS eksport 06.03.2026
OPS,2847.0,małopolskie,limanowski,Limanowa,Miejski Ośrodek Pomocy Społecznej w Limanowej,34-600,Limanowa,ul. Jana Kilińskiego,11,(18) 337-13-10,www.mops.wlimanowej.pl,sekretariat@mops.wlimanowej.pl,7:30 - 15:30,1207011,49.7076,20.4269,miejscowosc,źródło: RJPS eksport 06.03.2026
OPS,2851.0,małopolskie,limanowski,Mszana Dolna,Gminny Ośrodek Pomocy Społecznej w Mszanie Dolnej,34-730,Mszana Dolna,ul. Spadochroniarzy,6,(18) 331-05-41,,gops@mszana.pl,"poniedziałek- środa od 7:30 do 15:30
czwartek od 10:00 do 18:00
piątek od 7:00 do 15:00",1207071,49.6745,20.079,miejscowosc,źródło: RJPS eksport 06.03.2026
OPS,22708.0,małopolskie,limanowski,Niedźwiedź,Gminny Ośrodek Pomocy Społecznej w Niedźwiedziu,34-735,Niedźwiedź,,233,(18) 33-12-776,,gopsnied@pro.onet.pl,07:30-15:30,1207092,49.7169,20.1416,miejscowosc,źródło: RJPS eksport 06.03.2026
OPS,22528.0,małopolskie,limanowski,Szczawa,Gminny Ośrodek Pomocy Społecznej w Szczawie,34-607,Szczawa,,290,(18) 262-23-64,,gops@ugszczawa.pl,"Poniedziałek - od godziny 8.00 do godziny 17.00
Wtorek do Czwartku - od godziny 8.00 do godziny 16.00
Piątek - od godziny 8.00 do godziny 15.00",1207042,49.6669,20.199,miejscowosc,źródło: RJPS eksport 06.03.2026
OPS,2853.0,małopolskie,limanowski,Słopnice,Gminny Ośrodek Pomocy Społecznej w Słopnicach,34-615,Słopnice,,911,(18) 334-74-33,www.gops.slopnice.pl,gops@slopnice.pl,od 7:30 do 15:30,1207102,49.7276,20.2137,miejscowosc,źródło: RJPS eksport 06.03.2026
OPS,2858.0,małopolskie,miechowski,Książ Wielki,Gminny Ośrodek Pomocy Społecznej w Książu  Wielkim,32-210,Książ Wielki,ul. Warszawska,17,(41) 381-33-83,,gops@opskw.pl,"poniedziałek  8:00 - 16:00
wtorek-piątek 7:30 - 15:30",1208052,50.4363,20.1169,miejscowosc,źródło: RJPS eksport 06.03.2026
OPS,2859.0,małopolskie,miechowski,Miechów,Gminny Ośrodek Pomocy Społecznej w Miechowie,32-200,Miechów,ul. Szpitalna,1,(41) 382-11-60,https://gops.miechow.pl/,gops@gops.miechow.pl,7.00-15.30,1208011,50.3579,20.0317,miejscowosc,źródło: RJPS eksport 06.03.2026
OPS,2860.0,małopolskie,miechowski,Racławice,Gminny Ośrodek Pomocy Społecznej w Racławicach,32-222,Racławice,,15,(41) 3067251,,gopsraclawice@wp.pl,7.30-15.30,1208062,50.3828,20.156,miejscowosc,źródło: RJPS eksport 06.03.2026
OPS,2862.0,małopolskie,myślenicki,Lubień,Ośrodek Pomocy Społecznej w  Lubniu,32-433,Lubień,,50,(18) 268-21-23,https://ops.lubien.pl/,ops@lubien.pl,7:45 - 15:45,1209032,49.7313,19.9041,miejscowosc,źródło: RJPS eksport 06.03.2026
OPS,2864.0,małopolskie,myślenicki,Pcim,Gminny Ośrodek Pomocy Społecznej w Pcimiu,32-432,Pcim,,1177,(12) 274-91-02,www.gminapcim.pl,gops@pcim.pl,"poniedziałek 7.30 -17.00
wtorek - piątek 7.30 - 15.30",1209042,49.7488,19.9775,miejscowosc,źródło: RJPS eksport 06.03.2026
OPS,2866.0,małopolskie,myślenicki,Sułkowice,Ośrodek Pomocy Społecznej w Sułkowicach,32-440,Sułkowice,ul. Sportowa,45,(12) 272 50 20,ops.sulkowice.pl,ops@sulkowice.pl,"Poniedziałek: 7:00-16:00
Wtorek-Piątek: 7.00-15.30",1209071,49.8397,19.8086,miejscowosc,źródło: RJPS eksport 06.03.2026
OPS,2873.0,małopolskie,nowosądecki,Kamionka Wielka,Gminny Ośrodek Pomocy Społecznej w Kamionce Wielkiej,33-334,Kamionka Wielka,,253,534756544,https://kamionkaw.naszops.pl,osrodek@kamionkaw.naszops.pl,poniedziałek - piątek 7.30-15.30,1210062,49.6557,20.7908,miejscowosc,źródło: RJPS eksport 06.03.2026
OPS,2875.0,małopolskie,nowosądecki,Krynica-Zdrój,Ośrodek Pomocy Społecznej w Krynicy-Zdroju,33-380,Krynica-Zdrój,ul. Józefa Ignacego Kraszewskiego,37,(18) 471-53-68,www.opskrynica.pl,sekretariat@opskrynica.pl,7.00 - 15.00 od poniedziałku do piątku,1210081,49.4213,20.958,miejscowosc,źródło: RJPS eksport 06.03.2026
OPS,2879.0,małopolskie,nowosądecki,Muszyna,Ośrodek Pomocy Społecznej w Muszynie,33-370,Muszyna,ul. Piłsudskiego,119,(18) 534 94 18,http://www.opsmuszyna.naszops.pl/,ops@muszyna.pl,od 7.00 do 15.00,1210111,49.353,20.8899,miejscowosc,źródło: RJPS eksport 06.03.2026
OPS,2881.0,małopolskie,nowosądecki,Piwniczna-Zdrój,Ośrodek Pomocy Społecznej w Piwnicznej-Zdroju,33-350,Piwniczna-Zdrój,ul. Bolesława Chrobrego,2,(18) 446-41-28,https://www.piwniczna.pl/osrodek-pomocy-spolecznej.html,ops@piwniczna.pl,"poniedziałek - 7.30-15.30
wtorek, środa, czwartek, piątek - 7.00-15.00
",1210121,49.4426,20.6975,miejscowosc,źródło: RJPS eksport 06.03.2026
OPS,2882.0,małopolskie,nowosądecki,Podegrodzie,Ośrodek Pomocy Społecznej w Podegrodziu,33-386,Podegrodzie,,170,(18) 3551909,podegrodzie.naszops.pl,ops_podegrodzie@pro.onet.pl,"poniedziałek 8-16
wtorek, środa, czwartek, piątek 7-15",1210132,49.5832,20.613,miejscowosc,źródło: RJPS eksport 06.03.2026
OPS,2876.0,małopolskie,nowosądecki,Łabowa,Ośrodek Pomocy Społecznej w Łabowej,33-336,Łabowa,,38,(18) 414-24-81,www.labowa.pl,ops@labowa.pl,"Poniedziałek - 7:30-17:00
Wtorek, środa i czwartek - 7:30-15:30
Piątek - 7:30-14:00",1210082,49.5617,20.8384,miejscowosc,źródło: RJPS eksport 06.03.2026
OPS,2877.0,małopolskie,nowosądecki,Łącko,Ośrodek Pomocy Społecznej w Łącku,33-390,Łącko,,445,(18)4140736,www.lacko.pl,ops@lacko.pl,"poniedziałek 7:30-17:00, wtorek-czwartek 7:30-15:30, piątek 7:30 - 14:00",1210092,49.6954,20.5327,miejscowosc,źródło: RJPS eksport 06.03.2026
OPS,2887.0,małopolskie,nowotarski,Jabłonka,Ośrodek Pomocy Społecznej w Jabłonce,34-480,Jabłonka,ul. 3 Maja,1,579470997,,ops@jablonka.pl,"poniedziałek - środa od 7.30 do 15.30, czwartek od 7.30 do 17.30, piątek od 7.30 do 13.30",1211042,49.4604,19.7122,miejscowosc,źródło: RJPS eksport 06.03.2026
OPS,2888.0,małopolskie,nowotarski,Krościenko nad Dunajcem,Gminny Ośrodek Pomocy Społecznej w Krościenku nad Dunajcem,34-450,Krościenko nad Dunajcem,ul. Esperanto,2,18262-30-09,,gops@kroscienko.pl,Poniedziałek - piątek: 7:30-15:30.,1211051,49.4439,20.4281,miejscowosc,źródło: RJPS eksport 06.03.2026
OPS,2889.0,małopolskie,nowotarski,Lipnica Wielka,Ośrodek Pomocy Społecznej w Lipnicy Wielkiej,34-483,Lipnica Wielka,,518,(18) 263-49-90,www.lipnicawielka.pl/ops,ops@lipnicawielka.pl,7.30 - 15.30,1211062,49.5019,19.7175,miejscowosc,źródło: RJPS eksport 06.03.2026
OPS,2893.0,małopolskie,nowotarski,Ochotnica Dolna,Gminny Ośrodek Pomocy Społecznej w Ochotnicy Dolnej,34-452,Ochotnica Dolna,os. Osiedle Dłubacze,161,(18) 262-46-01,https://gops.ochotnica.pl,gops@ochotnica.pl,"PON 8-18
WT-CZW 8-16
PT 8-14",1211102,49.5493,20.2656,miejscowosc,źródło: RJPS eksport 06.03.2026
OPS,2894.0,małopolskie,nowotarski,Raba Wyżna,Gminny Ośrodek Pomocy Społecznej w Rabie Wyżnej,34-721,Raba Wyżna,,41,182671231,www.gopsrw.pl,info@gopsrw.pl,"Poniedziałek: 8.00-16.00
Wtorek: 8.00-17.00
Środa: 8.00-16.00
Czwartek: 8.00-16.00
Piątek: 8.00-15.00
",1211122,49.5524,19.9124,miejscowosc,źródło: RJPS eksport 06.03.2026
OPS,2895.0,małopolskie,nowotarski,Rabka-Zdrój,Ośrodek Pomocy Społecznej w Rabce-Zdroju,34-700,Rabka-Zdrój,ul. Parkowa,2,(18) 267-98-68,www.ops.rabka.pl,ops@rabka.pl,"8.00 do 17.00 poniedziałek 
8.00 do 16.00 wtorek-czwartek
8.00 do 15.00 piątek
",1211111,49.6072,19.9596,miejscowosc,źródło: RJPS eksport 06.03.2026
OPS,2897.0,małopolskie,nowotarski,Szaflary,Gminny Ośrodek Pomocy Społecznej w Szaflarach,34-424,Szaflary,ul. Zakopiańska,18,(18) 261-23-29,www.gops.szaflary.pl,gops@szaflary.pl,"pon.       8.00-17.00
wt.-czw. 8.00-16.00
pt.          8.00-15.00",1211152,49.4466,20.0373,miejscowosc,źródło: RJPS eksport 06.03.2026
OPS,2898.0,małopolskie,nowotarski,Szczawnica,Miejsko Gminny Ośrodek Pomocy Społecznej w Szczawnicy,34-460,Szczawnica,ul. Szalaya,103,(18) 262-10-66,https://szczawnica.naszops.pl/,szczawnica@mgops.org,7.30-15.30,1211141,49.4248,20.4909,miejscowosc,źródło: RJPS eksport 06.03.2026
OPS,2890.0,małopolskie,nowotarski,Łapsze Niżne,Gminny Ośrodek Pomocy Społecznej w Łapszach Niżnych,34-442,Łapsze Niżne,ul. Jana Pawła II,61,(18) 265-91-45,https://ops.lapszenizne.pl/,ops@lapszenizne.pl,"Poniedziałek, środa, czwartek, piątek*: 7:30 – 15:30
Wtorek: 8:30 – 16:30
* dzień wewnętrzny ",1211072,49.4077,20.2862,miejscowosc,źródło: RJPS eksport 06.03.2026
OPS,2899.0,małopolskie,olkuski,Bolesław,Gminny Ośrodek Pomocy Społecznej w Bolesławiu (pow. olkuski),32-329,Bolesław,ul. Główna,46,(32) 642-40-34,,gops@gminaboleslaw.pl,Od poniedziałku do piątku w godzinach od 7:00 do 15:00.,1204022,50.2781,19.5506,miejscowosc,źródło: RJPS eksport 06.03.2026
OPS,2900.0,małopolskie,olkuski,Bukowno,Miejski Ośrodek Pomocy Społecznej w Bukownie,32-332,Bukowno,ul. Wojska Polskiego,3,(32) 642-12-30,https://mopsbukowno.pl/,sekretariat@mopsbukowno.pl,7-15,1212031,50.2724,19.4534,miejscowosc,źródło: RJPS eksport 06.03.2026
OPS,2902.0,małopolskie,olkuski,Olkusz,Ośrodek Pomocy Społecznej w Olkuszu,32-300,Olkusz,al. 1000-lecia,15C,(32) 641-32-12,,sekretariat@ops.olkusz.pl,czynny : poniedziałek :  od 7.00  do  17.00 wtorek - piątek : od 7.00  do 15.00  Kasa  czynna : poniedziałek - piątek  : od 10.00  do 13.00  Dyrektor w sprawie skarg i wniosków przyjmuje: od poniedziałku do piątku: od 8.00 do 15.00,1212011,50.2781,19.5691,miejscowosc,źródło: RJPS eksport 06.03.2026
OPS,2905.0,małopolskie,oświęcimski,Brzeszcze,Ośrodek Pomocy Społecznej w Brzeszczach,32-620,Brzeszcze,ul. Mickiewicza,6,(32) 211-12-51,ops.brzeszcze.pl,sekretariat@ops.brzeszcze.pl,"poniedziałek, wtorek, czwartek 7-15 
środa 7-17
piątek 7-13 ",1213031,49.9797,19.1442,miejscowosc,źródło: RJPS eksport 06.03.2026
OPS,2906.0,małopolskie,oświęcimski,Chełmek,Miejski Ośrodek Pomocy Społecznej w Chełmku,32-660,Chełmek,ul. Staicha,1,(33) 8461339,,mops@chelmek.pl,7:30 - 15:30,1213041,50.0748,19.2583,miejscowosc,źródło: RJPS eksport 06.03.2026
OPS,2910.0,małopolskie,oświęcimski,Oświęcim,Ośrodek Pomocy Społecznej Gminy Oświęcim,32-600,Grojec,ul. Beskidzka,100,(33) 846-64-20,ops.gminaoswiecim.pl,ops@ops.gminaoswiecim.pl,"poniedziałek, środa, czwartek i piatek : 7.00-15.00,  wtorek : 7.00-17.00",1213011,50.0347,19.211,miejscowosc,źródło: RJPS eksport 06.03.2026
OPS,2913.0,małopolskie,oświęcimski,Zator,Ośrodek Pomocy Społecznej w Zatorze,32-640,Zator,ul. Leszka Palimąki,2,(33) 841-22-17,www.opszator.pl,ops@zatorops.pl,"poniedziałek,środa, czwartek od 7.30 do 15.30
wtorek od 7.30 do 17.00
piątek od 7.30 do 14.00",1213091,49.9878,19.4422,miejscowosc,źródło: RJPS eksport 06.03.2026
OPS,2917.0,małopolskie,proszowicki,Pałecznica,Gminny Ośrodek Pomocy Społecznej w Pałecznicy,32-109,Pałecznica,ul. św. Jakuba,11,(41) 384-82-34,gops.palecznica.pl,gops@palecznica.pl,7.30 - 15.30,1214052,50.2798,20.2259,miejscowosc,źródło: RJPS eksport 06.03.2026
OPS,2918.0,małopolskie,proszowicki,Proszowice,Miejsko-Gminny Ośrodek Pomocy Społecznej w Proszowicach,32-100,Proszowice,ul. 3 Maja,72,(12) 386-22-12,www.mgops.proszowice.pl,mgops@proszowice.pl,poniedziałek - piątek: 7.30 - 15.30,1214011,50.1942,20.2828,miejscowosc,źródło: RJPS eksport 06.03.2026
OPS,2919.0,małopolskie,proszowicki,Radziemice,Gminny Ośrodek Pomocy Społecznej w Radziemicach,32-107,Radziemice,,74,(12) 385-62-44,https://gops.radziemice.gmina.pl/,m.piatek@radziemice.gmina.pl,"7,30-15,30",1214062,50.2356,20.2139,miejscowosc,źródło: RJPS eksport 06.03.2026
OPS,5313.0,małopolskie,suski,Jordanów,Gminny Ośrodek Pomocy Społecznej w Jordanowie,34-240,Jordanów,ul. Rynek,39,(18) 267-53-69,www.gopsjordanow.pl,gops@gopsjordanow.pl,"Poniedziałek, Wtorek, Czwartek 7.30-15.30
Środa 7.30-16.30
Piątek 7.30-14.30",1215041,49.6459,19.8328,miejscowosc,źródło: RJPS eksport 06.03.2026
OPS,2921.0,małopolskie,suski,Jordanów,Miejski Ośrodek Pomocy Społecznej w Jordanowie,34-240,Jordanów,ul. 3 Maja,2,"(18) 267-55-73, (18) 263-43-17",mops.jordanow.pl,mops@jordanow.pl,pon.-pt. od 7:30 do 15.30,1215041,49.6459,19.8328,miejscowosc,źródło: RJPS eksport 06.03.2026
OPS,2924.0,małopolskie,suski,Sucha Beskidzka,Miejski Ośrodek Pomocy Społecznej w Suchej Beskidzkiej,34-200,Sucha Beskidzka,ul. Adama Mickiewicza,19,(33) 874-22-43,https://suchabeskidzka.naszops.pl/,mops@sucha-beskidzka.pl,PONIEDZIAŁEK- ŚRODA:  -  7:30 - 15:30  CZWARTEK:   -  9:00 - 17:00  PIĄTEK:  -  7:30 - 15:30,1215011,49.7432,19.594,miejscowosc,źródło: RJPS eksport 06.03.2026
OPS,2926.0,małopolskie,suski,Zembrzyce,Gminny Ośrodek Pomocy Społecznej w Zembrzycach,34-210,Zembrzyce,,540,(33) 874-64-00,www.gopszembrzyce.pl,gops@gopszembrzyce.pl,"Poniedziałek, wtorek, czwartek: od 7:00 do 15:00
Środa: od 7:00 do 16:00
Piątek: od 7:00 do 14:00",1215082,49.7832,19.6249,miejscowosc,źródło: RJPS eksport 06.03.2026
OPS,2927.0,małopolskie,tarnowski,Ciężkowice,Gminny Ośrodek Pomocy Społecznej w Ciężkowicach,33-190,Ciężkowice,ul. Tysiąclecia,19,(14) 6285841,https://samorzad.gov.pl/web/gops-ciezkowice,gops@ciezkowice.pl,"poniedziałek: od 7:00 do 16:00
wtorek - piątek od 7:00 do 15:00
piątek: dzień wewnętrzny  ",1216031,49.7945,21.0268,miejscowosc,źródło: RJPS eksport 06.03.2026
OPS,2928.0,małopolskie,tarnowski,Gromnik,Gminny Ośrodek Pomocy Społecznej w Gromniku,33-180,Gromnik,ul. Krynicka,3,(14) 651-42-30,www.gopsgromnik.pl,gops@gromnik.pl,7.30 - 15.30,1216042,49.8375,20.9685,miejscowosc,źródło: RJPS eksport 06.03.2026
OPS,2931.0,małopolskie,tarnowski,Radłów,Miejsko-Gminny Ośrodek Pomocy Społecznej w Radłowie,33-130,Radłów,ul. Brzeska,9,(14) 678-20-03,http://opsradlow.pl/,ops@gminaradlow.pl,od 7:30 do 15:30,1216071,50.0819,20.8588,miejscowosc,źródło: RJPS eksport 06.03.2026
OPS,2934.0,małopolskie,tarnowski,Szerzyny,Gminny Ośrodek Pomocy Społecznej w Szerzynach,38-246,Szerzyny,,518,(14) 69 20 120,http://szerzyny.pl,gops@szerzyny.pl,"poniedziałek                  od 7:30- do 17:00
wtorek- czwartek           od 7:30- do 15:30
piątek                            od 7:30- do 14:00  ",1216112,49.7912,21.1541,miejscowosc,źródło: RJPS eksport 06.03.2026
OPS,2935.0,małopolskie,tarnowski,Tuchów,Ośrodek Pomocy Społecznej w Tuchowie,33-170,Tuchów,ul. Jana Pawła II,4,14 6525489,https://ops.tuchow.pl/,sekretariat@ops.tuchow.pl,"Ośrodek Pomocy Społecznej - od poniedziałku do piątku w godzinach 7:00 - 15.30 
Świadczenia Rodzinne - od poniedziałku do piątku w godzinach 7:00 - 15:00",1216121,49.891,21.0524,miejscowosc,źródło: RJPS eksport 06.03.2026
OPS,2937.0,małopolskie,tarnowski,Wietrzychowice,Gminny Ośrodek Pomocy Społecznej w Wietrzychowicach,33-270,Wietrzychowice,,19,(14) 641-81-50,www.wietrzychowice.pl,gops@wietrzychowice.pl,pn 8:00-16:00; wt-pt 7:30-15:30,1216132,50.1188,20.8321,miejscowosc,źródło: RJPS eksport 06.03.2026
OPS,2938.0,małopolskie,tarnowski,Wojnicz,Gminny Ośrodek Pomocy Społecznej w Wojniczu,32-830,Wojnicz,ul. Krzywa,16,(14) 679-00-30,www.gops.wojnicz.pl,gops@wojnicz.pl,Od poniedziałku do piątku w godzinach od 7:30 do 15:30,1216142,49.9882,20.8418,miejscowosc,źródło: RJPS eksport 06.03.2026
OPS,2939.0,małopolskie,tarnowski,Zakliczyn,Miejski Ośrodek Pomocy Społecznej w Zakliczynie,32-840,Zakliczyn,rynek Rynek,15,(14) 665-22-75,https://mopszakliczyn.pl/,mops@mopszakliczyn.pl,7.30-15.30,1216151,49.8533,20.8077,miejscowosc,źródło: RJPS eksport 06.03.2026
OPS,2940.0,małopolskie,tarnowski,Żabno,Ośrodek Pomocy Społecznej w Żabnie,33-240,Żabno,ul. Świętego Jana,-,14 645 64 33,ops.zabno.pl,ops@zabno.pl,"Poniedziałek 7:30 - 16.00
Wtorek - Czwartek 7.30 - 15.30
Piątek 7.30 - 15.00",1216161,50.1366,20.8676,miejscowosc,źródło: RJPS eksport 06.03.2026
OPS,2941.0,małopolskie,tatrzański,Biały Dunajec,Gminny Ośrodek Pomocy Społecznej w Białym Dunajcu,34-425,Biały Dunajec,ul. Jana Pawła II,312,(18) 207-95-12,,gops@bialydunajec.com.pl,7.30-15.30,1217022,49.4268,20.0633,miejscowosc,źródło: RJPS eksport 06.03.2026
OPS,2942.0,małopolskie,tatrzański,Bukowina Tatrzańska,Ośrodek Pomocy Społecznej w Bukowinie Tatrzańskiej,34-530,Bukowina Tatrzańska,ul. Długa,144,(18) 207-71-10,https://www.bukowinatatrzanska.naszops.pl/,poczta@opsbukowinatatrzanska.pl,"Poniedziałek : 9 00 - 17 00, Wtorek- piątek: 7 30- 15 30",1217032,49.3652,20.1127,miejscowosc,źródło: RJPS eksport 06.03.2026
OPS,2943.0,małopolskie,tatrzański,Kościelisko,Ośrodek Pomocy Społecznej w Kościelisku,34-511,Kościelisko,ul. Nędzy-Kubińca,101,(18) 20 234 00,www.koscielisko.naszops.pl,gops@gminakoscielisko.pl,poniedziałek 7:45 - 16:45 od wtorku do piątku 7:45 - 15:30,1217042,49.3268,19.9074,miejscowosc,źródło: RJPS eksport 06.03.2026
OPS,4473.0,małopolskie,tatrzański,Poronin,Ośrodek Pomocy Społecznej w Poroninie,34-520,Poronin,ul. Józefa Piłsudskiego,15,(18) 207-40-05,www.ops.poronin.pl,ops.poronin@pro.onet.pl,poniedziałek - piątek: 7.30-15.30,1217052,49.3545,20.0427,miejscowosc,źródło: RJPS eksport 06.03.2026
OPS,2945.0,małopolskie,wadowicki,Andrychów,Ośrodek Pomocy Społecznej w Andrychowie,34-120,Andrychów,ul. Starowiejska,22b,(33) 875-33-00,www.opsandrychow.pl,ops@opsandrychow.pl,"poniedziałek, wtorek, środa, piątek: 7.00-15.00
czwartek: 7.00-17.00",1218021,49.8552,19.3393,miejscowosc,źródło: RJPS eksport 06.03.2026
OPS,2947.0,małopolskie,wadowicki,Kalwaria Zebrzydowska,Miejsko-Gminny Ośrodek Pomocy Społecznej w Kalwarii Zebrzydowskiej,34-130,Kalwaria Zebrzydowska,al. Aleja Jana Pawła II,7,(33) 876-47-65,mgopskalwariaz.com.pl,biuro@mgopskalwariaz.com.pl,"poniedziałek oraz od środy do piątku w godz. od 7:30 do 15:30
wtorek od 7:30 do 18:00",1218041,49.8765,19.6745,miejscowosc,źródło: RJPS eksport 06.03.2026
OPS,2949.0,małopolskie,wadowicki,Mucharz,Gminny Ośrodek Pomocy Społecznej w Mucharzu,34-106,Mucharz,,226,(33) 876-16-12,mucharz.naszops.pl,gops@mucharz.pl,"Godziny pracy w Gminnym Ośrodku Pomocy Społecznej w Mucharzu:
poniedziałek, środa, czwartek 7:00 - 15:00
wtorek 7:00 - 17:00
piątek 7:00 - 13:00
Godziny pracy opiekuna w Gminnym Ośrodku Pomocy Społecznej w Mucharzu:
poniedziałek 7:00 - 15:00
wtorek 7:00 - 15:00
środa 7:00 - 15:00
czwartek 7:00 - 15:00
piątek 7:00 - 15:00",1218062,49.8621,19.5699,miejscowosc,źródło: RJPS eksport 06.03.2026
OPS,2951.0,małopolskie,wadowicki,Stryszów,Gminny Ośrodek Pomocy Społecznej w Stryszowie,34-146,Stryszów,,557,(33) 879-71-50,www.gopsstryszow.pl,sekretariat@gopsstryszow.pl,7:30 - 15:30,1218082,49.8841,19.5596,miejscowosc,źródło: RJPS eksport 06.03.2026
OPS,2953.0,małopolskie,wadowicki,Wadowice,Miejski Ośrodek Pomocy Społecznej w Wadowicach,34-100,Wadowice,ul. Emilii i Karola Wojtyłów,4,(33) 823-28-18,www.mops.wadowice.pl,mops@wadowice.pl,Poniedziałek od 7:00 do 17:00 Wtorek - Piątek od 7:00 do 15:00,1218011,49.8836,19.4966,miejscowosc,źródło: RJPS eksport 06.03.2026
OPS,2954.0,małopolskie,wadowicki,Wieprz,Gminny Ośrodek Pomocy Społecznej w Wieprzu,34-122,Wieprz,ul. Wadowicka,4,(33) 875-54-15,www.gopswieprz.pl,gops@gopswieprz.pl,poniedziałek 7.00-15.00 wtorek 7.00-16.00 środa 7.00-15.00 czwartek7.00-15.00 piatek7.00-14.00,1218102,49.9289,19.4181,miejscowosc,źródło: RJPS eksport 06.03.2026
OPS,14156.0,małopolskie,wielicki,Biskupice,Gminny Ośrodek Pomocy Społecznej w Biskupicach z siedzibą w Trąbkach,32-020,Trąbki,,340,122506511,gopsbiskupice.pl,ops@gopsbiskupice.pl,"pn  09-17
wt-czw  07.30-15.30
pt 07.30-14.30",1219022,49.9897,20.2543,miejscowosc,źródło: RJPS eksport 06.03.2026
OPS,2957.0,małopolskie,wielicki,Kłaj,Gminny Ośrodek Pomocy Społecznej w Kłaju,32-015,Kłaj,,652,(12) 284-15-66,gopsklaj.pl,biuro@gopsklaj.pl,Poniedziałek od 8:30 - 16:30 Wtorek od 7:00 - 15;00  Środa od 7:00 - 15;00  Czwartek od 7:00 - 15;00  Piątek od 7:00 - 15;00,1219042,50.004,20.1494,miejscowosc,źródło: RJPS eksport 06.03.2026
PCPR,265.0,małopolskie,Kraków,Kraków-Krowodrza,Powiatowe Centrum Pomocy Rodzinie w Krakowie,30-037,Kraków-Krowodrza,al. Aleja Juliusza Słowackiego,20,(12) 39-79-004,www.pcpr.powiat.krakow.pl,pcpr@powiat.krakow.pl,"'prowadzenie i zapewnienie miejsc w mieszkaniach chronionych','prowadzenie mieszkań chronionych dla osób z terenu więcej niż jednej gminy oraz powiatowych ośrodków wsparcia, w tym domów dla matek z małoletnimi dziećmi i kobiet w ciąży','prowadzenie ośrodków interwencji kryzysowej','pomoc cudzoziemcom, którzy uzyskali w Rzeczypospolitej Polskiej status uchodźcy lub ochronę uzupełniającą, w zakresie indywidualnego programu integracji, oraz opłacanie za te osoby składek na ubezpieczenie zdrowotne','prowadzenie i rozwój infrastruktury ośrodków wsparcia dla osób z zaburzeniami psychicznymi','pomoc socjalna','prowadzenie i rozwój infrastruktury środowiskowych domów samopomocy dla osób z zaburzeniami psychicznymi','poradnictwo specjalistyczne','pomoc w integracji ze środowiskiem osób mających trudności w przystosowaniu się do życia, młodzieży opuszczającej niektóre typy placówek','przyznawanie pomocy pieniężnej na usamodzielnienie oraz na kontynuowanie nauki osobom opuszczającym niektóre typy placówek','udzielanie cudzoziemcom, o których mowa w art. 5a, pomocy w zakresie interwencji kryzysowej','udzielanie informacji o prawach i uprawnieniach','opłacanie składek na ubezpieczenie zdrowotne określonych w przepisach o świadczeniach opieki zdrowotnej finansowanych ze środków publicznych'",1261011,50.0747,19.9194,dzielnica,źródło: RJPS eksport 06.03.2026
PCPR,269.0,małopolskie,Nowy Sącz,Nowy Sącz,Powiatowe Centrum Pomocy Rodzinie w Nowym Sączu,33-300,Nowy Sącz,ul. Jana Kilińskiego,72a,"(18) 447-79-11, (18) 443-82-51, (18) 443-75-91",www.pcpr-ns.pl,sekretariat@pcpr-ns.pl,"'prowadzenie i zapewnienie miejsc w domach pomocy społecznej i ośrodkach wsparcia o zasięgu gminnym oraz kierowanie do nich osób wymagających opieki','prowadzenie i zapewnienie miejsc w mieszkaniach chronionych','pomoc socjalna','poradnictwo specjalistyczne','pomoc w integracji ze środowiskiem osób mających trudności w przystosowaniu się do życia, młodzieży opuszczającej niektóre typy placówek','prowadzenie i rozwój infrastruktury środowiskowych domów samopomocy dla osób z zaburzeniami psychicznymi','prowadzenie i rozwój infrastruktury ośrodków wsparcia dla osób z zaburzeniami psychicznymi','przyznawanie pomocy pieniężnej na usamodzielnienie oraz na kontynuowanie nauki osobom opuszczającym niektóre typy placówek','udzielanie cudzoziemcom, o których mowa w art. 5a, pomocy w zakresie interwencji kryzysowej','udzielanie informacji o prawach i uprawnieniach','pomoc pedagoga','pomoc prawna','pomoc psychologa','prowadzenie ośrodków interwencji kryzysowej'",1262011,49.6243,20.6921,miejscowosc,źródło: RJPS eksport 06.03.2026
PCPR,275.0,małopolskie,Tarnów,Tarnów,Powiatowe Centrum Pomocy Rodzinie w Tarnowie,33-100,Tarnów,ul. Urszulańska,19,(14) 621-56-83,www.pcprtarnow.pl,pcpr@powiat.tarnow.pl,"'poradnictwo specjalistyczne','pomoc w integracji ze środowiskiem osób mających trudności w przystosowaniu się do życia, młodzieży opuszczającej niektóre typy placówek','prowadzenie i rozwój infrastruktury ośrodków wsparcia dla osób z zaburzeniami psychicznymi','przyznawanie pomocy pieniężnej na usamodzielnienie oraz na kontynuowanie nauki osobom opuszczającym niektóre typy placówek','udzielanie informacji o prawach i uprawnieniach','pomoc pedagoga','pomoc prawna','pomoc psychologa','pomoc socjalna','działalność na rzecz ochrony rodziny','poradnictwo socjalne','prowadzenie ośrodków interwencji kryzysowej','sporządzanie oceny zasobów pomocy społecznej, na podstawie ocen sporządzonych przez gminy i powiaty z obszaru województwa, uwzględniającej kwestie i problemy społeczne wynikające z przyjętej strategii i przekazywanie jej właściwym organom','udzielanie informacji o możliwościach uzyskania pomocy','upowszechnianie i ochrona praw dziecka','wolontariat','grupy wsparcia','motywowanie do podejmowania leczenia','ochrona i promocja zdrowia','organizacja imprez','organizacja spotkań tematycznych i imprez okolicznościowych','organizacja szkoleń, konferencji, seminariów','organizacja wolontariatu','prowadzenie spraw związanych z wydawaniem dla osób niepełnosprawnych oraz dla placówek zajmujących się opieką, rehabilitacją lub edukacją osób niepełnosprawnych, pozostających pod opieką tych placówek kart parkingowych, o których mowa w przepisach o ruchu drogowym','rehabilitacja społeczna osób niepełnosprawnych','sporządzanie sprawozdawczości oraz przekazywanie jej właściwemu wojewodzie','umożliwienie udziału w terapii zajęciowej','poradnictwo inne','poradnictwo specjalistyczne rodzinne','przeciwdziałanie patologiom społecznym','przekazywanie informacji o koniecznych do zrealizowania działaniach w celu zaprzestania stosowania przemocy w rodzinie','przekazywanie informacji o konsekwencjach popełnianych czynów','realizacja zadań samorządu województwa, o których mowa w ustawie o przeciwdziałaniu przemocy w rodzinie','terapia indywidualna ukierunkowana na wsparcie ofiary przemocy w rodzinie oraz nabycie umiejętności ochrony przed osobą stosującą przemoc w rodzinie','udzielanie informacji o formach pomocy dzieciom','grupy samopomocowe','zajęcia i warsztaty edukacyjne','zapewnienie potrzeb bytowych (całodobowego, okresowego pobytu)','zapewnienie schronienia','inicjowanie działań w stosunku do osób stosujących przemoc','interwencyjne - izolowanie osób ubiegających się o pomoc przed sprawcami przemocy','interwencyjne - rozpoznanie sytuacji ofiary przemocy w rodzinie i ocena ryzyka w zakresie zagrożenia bezpieczeństwa','interwencyjne - wspieranie w przezwyciężaniu sytuacji kryzysowej','interwencyjne - zapewnienie schronienia kobietom w ciąży w okresie okołoporodowym','interwencyjne - zapewnienie schronienia ofierze przemocy w rodzinie oraz dzieciom pozostającym pod jej opieką','oddziaływania korekcyjno-edukacyjne wobec osób stosujących przemoc w rodzinie','podejmowanie interwencji w środowisku problemowym','aktywizacja kulturalna','sporządzanie sprawozdań rzeczowo-finansowych dla Państwowego Funduszu Osób Niepełnosprawnych','sporządzanie sprawozdawczości oraz przekazywanie jej ministrowi właściwemu do spraw zabezpieczenia społecznego','współpraca z organizacjami pozarządowymi i fundacjami działającymi na rzecz osób niepełnosprawnych','informacja o dostępnych formach wsparcia i rehabilitacji','obsługa wniosków z zakresu rehabilitacji społecznej i przygotowanie wszelkiej dokumentacji umożliwiającej dofinansowanie potrzeb osób niepełnosprawnych w zakresie: turnusów rehabilitacyjnych, sprzętu rehabilitacyjnego, ortopedycznego i pomocniczego, likwidacji barier architektonicznych oraz sportu, kultury, rekreacji oraz rehabilitacji dzieci i młodzieży i kosztów tworzenia i działalności warsztatów terapii zajęciowej oraz rozliczenie dofinansowania'",1263011,50.0121,20.9858,miejscowosc,źródło: RJPS eksport 06.03.2026
PCPR,260.0,małopolskie,bocheński,Bochnia,Powiatowe Centrum Pomocy Rodzinie w Bochni,32-700,Bochnia,ul. Edwarda Windakiewicza,9,(14) 611-97-40,pcpr.bochnia.pl,pcpr@powiatbochenski.pl,"'poradnictwo specjalistyczne','pomoc socjalna','prowadzenie i rozwój infrastruktury środowiskowych domów samopomocy dla osób z zaburzeniami psychicznymi','prowadzenie i zapewnienie miejsc w domach pomocy społecznej i ośrodkach wsparcia o zasięgu gminnym oraz kierowanie do nich osób wymagających opieki','prowadzenie i zapewnienie miejsc w mieszkaniach chronionych','przyznawanie pomocy pieniężnej na usamodzielnienie oraz na kontynuowanie nauki osobom opuszczającym niektóre typy placówek','udzielanie informacji o prawach i uprawnieniach','prowadzenie i rozwój infrastruktury domów pomocy społecznej o zasięgu ponadgminnym oraz umieszczanie w nich skierowanych osób','prowadzenie i rozwój infrastruktury ośrodków wsparcia dla osób z zaburzeniami psychicznymi','przekazywanie informacji o koniecznych do zrealizowania działaniach w celu zaprzestania stosowania przemocy w rodzinie','przyjmowanie i rozpatrywanie skarg, wniosków i zażaleń','rehabilitacja społeczna osób niepełnosprawnych','sporządzanie oceny zasobów pomocy społecznej, na podstawie ocen sporządzonych przez gminy i powiaty z obszaru województwa, uwzględniającej kwestie i problemy społeczne wynikające z przyjętej strategii i przekazywanie jej właściwym organom','sporządzanie sprawozdań rzeczowo-finansowych dla Państwowego Funduszu Osób Niepełnosprawnych','sporządzanie sprawozdawczości oraz przekazywanie jej właściwemu wojewodzie','udzielanie informacji o formach pomocy dzieciom','udzielanie informacji o możliwościach uzyskania pomocy','współpraca z organizacjami pozarządowymi i fundacjami działającymi na rzecz osób niepełnosprawnych','grupy wsparcia','kierowanie do domu pomocy społecznej i ponoszenie odpłatności za pobyt mieszkańca gminy w tym domu','nadzór nad działalnością warsztatów terapii zajęciowej','obsługa wniosków z zakresu rehabilitacji społecznej i przygotowanie wszelkiej dokumentacji umożliwiającej dofinansowanie potrzeb osób niepełnosprawnych w zakresie: turnusów rehabilitacyjnych, sprzętu rehabilitacyjnego, ortopedycznego i pomocniczego, likwidacji barier architektonicznych oraz sportu, kultury, rekreacji oraz rehabilitacji dzieci i młodzieży i kosztów tworzenia i działalności warsztatów terapii zajęciowej oraz rozliczenie dofinansowania','obsługa zleconych funduszy z zakresu rehabilitacji społecznej'",1201011,49.9698,20.4316,miejscowosc,źródło: RJPS eksport 06.03.2026
PCPR,261.0,małopolskie,brzeski,Brzesko,Powiatowe Centrum Pomocy Rodzinie w Brzesku,32-800,Brzesko,ul. Piastowska,2B,(14) 663-00-31,www.pcprbrzesko.pl,pcpr@pcprbrzesko.pl,"'prowadzenie i zapewnienie miejsc w mieszkaniach chronionych','poradnictwo specjalistyczne','pomoc socjalna','pomoc w integracji ze środowiskiem osób mających trudności w przystosowaniu się do życia, młodzieży opuszczającej niektóre typy placówek','pomoc cudzoziemcom, którzy uzyskali w Rzeczypospolitej Polskiej status uchodźcy lub ochronę uzupełniającą, w zakresie indywidualnego programu integracji, oraz opłacanie za te osoby składek na ubezpieczenie zdrowotne','prowadzenie i rozwój infrastruktury środowiskowych domów samopomocy dla osób z zaburzeniami psychicznymi','przyznawanie pomocy pieniężnej na usamodzielnienie oraz na kontynuowanie nauki osobom opuszczającym niektóre typy placówek','udzielanie cudzoziemcom, o których mowa w art. 5a, pomocy w zakresie interwencji kryzysowej','udzielanie informacji o prawach i uprawnieniach'",1202011,49.9753,20.6164,miejscowosc,źródło: RJPS eksport 06.03.2026
PCPR,263.0,małopolskie,dąbrowski,Dąbrowa Tarnowska,Powiatowe Centrum Pomocy Rodzinie w Dąbrowie Tarnowskiej,33-200,Dąbrowa Tarnowska,ul. Szpitalna,1,(14) 642-44-15,www.pcprdt.pl,pcpr@pcprdt.pl,"'prowadzenie i zapewnienie miejsc w mieszkaniach chronionych','prowadzenie mieszkań chronionych dla osób z terenu więcej niż jednej gminy oraz powiatowych ośrodków wsparcia, w tym domów dla matek z małoletnimi dziećmi i kobiet w ciąży','prowadzenie ośrodków interwencji kryzysowej','pomoc cudzoziemcom, którzy uzyskali w Rzeczypospolitej Polskiej status uchodźcy lub ochronę uzupełniającą, w zakresie indywidualnego programu integracji, oraz opłacanie za te osoby składek na ubezpieczenie zdrowotne','prowadzenie i rozwój infrastruktury ośrodków wsparcia dla osób z zaburzeniami psychicznymi','pomoc socjalna','pomoc w integracji ze środowiskiem osób mających trudności w przystosowaniu się do życia, młodzieży opuszczającej niektóre typy placówek','poradnictwo specjalistyczne','przyznawanie pomocy pieniężnej na usamodzielnienie oraz na kontynuowanie nauki osobom opuszczającym niektóre typy placówek','udzielanie informacji o prawach i uprawnieniach','kierowanie do domu pomocy społecznej i ponoszenie odpłatności za pobyt mieszkańca gminy w tym domu'",1204011,50.1729,20.9944,miejscowosc,źródło: RJPS eksport 06.03.2026
PCPR,264.0,małopolskie,gorlicki,Gorlice,Powiatowe Centrum Pomocy Rodzinie w Gorlicach,38-300,Gorlice,ul. Słoneczna,7,(18) 352-53-80,www.pcpr.gorlice.pl,sekretariat@pcpr.gorlice.pl,"'pomoc cudzoziemcom, którzy uzyskali w Rzeczypospolitej Polskiej status uchodźcy lub ochronę uzupełniającą, w zakresie indywidualnego programu integracji, oraz opłacanie za te osoby składek na ubezpieczenie zdrowotne','poradnictwo specjalistyczne','pomoc w integracji ze środowiskiem osób mających trudności w przystosowaniu się do życia, młodzieży opuszczającej niektóre typy placówek','pomoc socjalna','prowadzenie i rozwój infrastruktury ośrodków wsparcia dla osób z zaburzeniami psychicznymi','prowadzenie i zapewnienie miejsc w mieszkaniach chronionych','prowadzenie ośrodków interwencji kryzysowej','przyznawanie pomocy pieniężnej na usamodzielnienie oraz na kontynuowanie nauki osobom opuszczającym niektóre typy placówek','sporządzanie sprawozdań rzeczowo-finansowych dla Państwowego Funduszu Osób Niepełnosprawnych','udzielanie cudzoziemcom, o których mowa w art. 5a, pomocy w zakresie interwencji kryzysowej','udzielanie informacji o prawach i uprawnieniach','współpraca z organizacjami pozarządowymi i fundacjami działającymi na rzecz osób niepełnosprawnych','nadzór nad działalnością warsztatów terapii zajęciowej','obsługa wniosków z zakresu rehabilitacji społecznej i przygotowanie wszelkiej dokumentacji umożliwiającej dofinansowanie potrzeb osób niepełnosprawnych w zakresie: turnusów rehabilitacyjnych, sprzętu rehabilitacyjnego, ortopedycznego i pomocniczego, likwidacji barier architektonicznych oraz sportu, kultury, rekreacji oraz rehabilitacji dzieci i młodzieży i kosztów tworzenia i działalności warsztatów terapii zajęciowej oraz rozliczenie dofinansowania','obsługa zleconych funduszy z zakresu rehabilitacji społecznej'",1205011,49.6556,21.1608,miejscowosc,źródło: RJPS eksport 06.03.2026
PCPR,266.0,małopolskie,limanowski,Limanowa,Powiatowe Centrum Pomocy Rodzinie w Limanowej,34-600,Limanowa,ul. Józefa Marka,9,(18) 337-58-26,www.pcpr-limanowa.pl,pcpr@powiat.limanowski.pl,"'pomoc w integracji ze środowiskiem osób mających trudności w przystosowaniu się do życia, młodzieży opuszczającej niektóre typy placówek','pomoc socjalna','prowadzenie i zapewnienie miejsc w mieszkaniach chronionych','przyznawanie pomocy pieniężnej na usamodzielnienie oraz na kontynuowanie nauki osobom opuszczającym niektóre typy placówek','udzielanie cudzoziemcom, o których mowa w art. 5a, pomocy w zakresie interwencji kryzysowej','pomoc cudzoziemcom, którzy uzyskali w Rzeczypospolitej Polskiej status uchodźcy lub ochronę uzupełniającą, mającym trudności w integracji ze środowiskiem','pomoc pedagoga','pomoc prawna','pomoc psychologa','poradnictwo socjalne','prowadzenie ośrodków interwencji kryzysowej','przyjmowanie i rozpatrywanie skarg, wniosków i zażaleń','rehabilitacja społeczna osób niepełnosprawnych','sporządzanie oceny zasobów pomocy społecznej, na podstawie ocen sporządzonych przez gminy i powiaty z obszaru województwa, uwzględniającej kwestie i problemy społeczne wynikające z przyjętej strategii i przekazywanie jej właściwym organom','udzielanie informacji o prawach i uprawnieniach','współpraca z organizacjami pozarządowymi i fundacjami działającymi na rzecz osób niepełnosprawnych','grupy wsparcia','informacja o dostępnych formach wsparcia i rehabilitacji','inicjowanie działań w stosunku do osób stosujących przemoc','nadzór nad działalnością warsztatów terapii zajęciowej','obsługa wniosków z zakresu rehabilitacji społecznej i przygotowanie wszelkiej dokumentacji umożliwiającej dofinansowanie potrzeb osób niepełnosprawnych w zakresie: turnusów rehabilitacyjnych, sprzętu rehabilitacyjnego, ortopedycznego i pomocniczego, likwidacji barier architektonicznych oraz sportu, kultury, rekreacji oraz rehabilitacji dzieci i młodzieży i kosztów tworzenia i działalności warsztatów terapii zajęciowej oraz rozliczenie dofinansowania','oddziaływania korekcyjno-edukacyjne wobec osób stosujących przemoc w rodzinie','organizacja wolontariatu'",1207011,49.7076,20.4269,miejscowosc,źródło: RJPS eksport 06.03.2026
PCPR,267.0,małopolskie,miechowski,Miechów,Powiatowe Centrum Pomocy Rodzinie w Miechowie,32-200,Miechów,ul. Henryka Sienkiewicza,18,(41) 383-40-84,www.pcprmiechow.pl,pcprmiechow@op.pl,"'poradnictwo specjalistyczne','przyznawanie pomocy pieniężnej na usamodzielnienie oraz na kontynuowanie nauki osobom opuszczającym niektóre typy placówek','udzielanie informacji o prawach i uprawnieniach','wypłacanie wynagrodzenia za sprawowanie opieki'",1208011,50.3579,20.0317,miejscowosc,źródło: RJPS eksport 06.03.2026
PCPR,268.0,małopolskie,myślenicki,Myślenice,Powiatowe Centrum Pomocy Rodzinie w Myślenicach,32-400,Myślenice,ul. Kazimierza Wielkiego,5,(12) 274-98-10,http://www.pcpr.myslenicki.pl/,pcpr@myslenicki.pl,"'prowadzenie ośrodków interwencji kryzysowej','prowadzenie i rozwój infrastruktury ośrodków wsparcia dla osób z zaburzeniami psychicznymi','poradnictwo specjalistyczne','pomoc socjalna','pomoc w integracji ze środowiskiem osób mających trudności w przystosowaniu się do życia, młodzieży opuszczającej niektóre typy placówek','pomoc cudzoziemcom, którzy uzyskali w Rzeczypospolitej Polskiej status uchodźcy lub ochronę uzupełniającą, w zakresie indywidualnego programu integracji, oraz opłacanie za te osoby składek na ubezpieczenie zdrowotne','przyznawanie pomocy pieniężnej na usamodzielnienie oraz na kontynuowanie nauki osobom opuszczającym niektóre typy placówek','udzielanie cudzoziemcom, o których mowa w art. 5a, pomocy w zakresie interwencji kryzysowej','udzielanie informacji o prawach i uprawnieniach'",1209011,49.8373,19.9378,miejscowosc,źródło: RJPS eksport 06.03.2026
PCPR,270.0,małopolskie,nowotarski,Nowy Targ,Powiatowe Centrum Pomocy Rodzinie w Nowym Targu,34-400,Nowy Targ,ul. Jana Kazimierza,20,(18) 266-08-07,https://pcpr.nowotarski.org.pl/,pcpr@nowotarski.pl,"'pomoc cudzoziemcom, którzy uzyskali w Rzeczypospolitej Polskiej status uchodźcy lub ochronę uzupełniającą, mającym trudności w integracji ze środowiskiem','pomoc cudzoziemcom, którzy uzyskali w Rzeczypospolitej Polskiej status uchodźcy lub ochronę uzupełniającą, w zakresie indywidualnego programu integracji, oraz opłacanie za te osoby składek na ubezpieczenie zdrowotne','pomoc psychologa','pomoc w integracji ze środowiskiem osób mających trudności w przystosowaniu się do życia, młodzieży opuszczającej niektóre typy placówek','poradnictwo specjalistyczne','prowadzenie i rozwój infrastruktury domów pomocy społecznej o zasięgu ponadgminnym oraz umieszczanie w nich skierowanych osób','prowadzenie i rozwój infrastruktury środowiskowych domów samopomocy dla osób z zaburzeniami psychicznymi','prowadzenie spraw związanych z wydawaniem dla osób niepełnosprawnych oraz dla placówek zajmujących się opieką, rehabilitacją lub edukacją osób niepełnosprawnych, pozostających pod opieką tych placówek kart parkingowych, o których mowa w przepisach o ruchu drogowym','warsztaty terapii zajęciowej','przyznawanie pomocy pieniężnej na usamodzielnienie oraz na kontynuowanie nauki osobom opuszczającym niektóre typy placówek','sporządzanie oceny zasobów pomocy społecznej, na podstawie ocen sporządzonych przez gminy i powiaty z obszaru województwa, uwzględniającej kwestie i problemy społeczne wynikające z przyjętej strategii i przekazywanie jej właściwym organom','sporządzanie sprawozdań rzeczowo-finansowych dla Państwowego Funduszu Osób Niepełnosprawnych','sporządzanie sprawozdawczości oraz przekazywanie jej właściwemu wojewodzie','udzielanie informacji o prawach i uprawnieniach','interwencyjne - zapewnienie schronienia ofierze przemocy w rodzinie oraz dzieciom pozostającym pod jej opieką','nadzór nad działalnością warsztatów terapii zajęciowej','obsługa wniosków z zakresu rehabilitacji społecznej i przygotowanie wszelkiej dokumentacji umożliwiającej dofinansowanie potrzeb osób niepełnosprawnych w zakresie: turnusów rehabilitacyjnych, sprzętu rehabilitacyjnego, ortopedycznego i pomocniczego, likwidacji barier architektonicznych oraz sportu, kultury, rekreacji oraz rehabilitacji dzieci i młodzieży i kosztów tworzenia i działalności warsztatów terapii zajęciowej oraz rozliczenie dofinansowania','oddziaływania korekcyjno-edukacyjne wobec osób stosujących przemoc w rodzinie','pomoc socjalna'",1211011,49.4799,20.032,miejscowosc,źródło: RJPS eksport 06.03.2026
PCPR,271.0,małopolskie,olkuski,Olkusz,Powiatowe Centrum Pomocy Rodzinie w Olkuszu,32-300,Olkusz,ul. marszałka Józefa Piłsudskiego,21,(32) 643-39-41,pcpr.olkusz.pl,pcpr@pcpr.olkusz.pl,"'poradnictwo specjalistyczne','pomoc socjalna','pomoc w integracji ze środowiskiem osób mających trudności w przystosowaniu się do życia, młodzieży opuszczającej niektóre typy placówek','prowadzenie i zapewnienie miejsc w mieszkaniach chronionych','przyznawanie pomocy pieniężnej na usamodzielnienie oraz na kontynuowanie nauki osobom opuszczającym niektóre typy placówek','udzielanie cudzoziemcom, o których mowa w art. 5a, pomocy w zakresie interwencji kryzysowej','udzielanie informacji o prawach i uprawnieniach','pomoc prawna','pomoc psychologa','pomoc w uzyskaniu mieszkania','pomoc w uzyskaniu pracy','poradnictwo specjalistyczne rodzinne','programy aktywizujące','działania na rzecz aktywizacji zawodowej osób bezrobotnych i zagrożonych bezrobociem','realizacja lub zlecanie jednostkom samorządu terytorialnego lub podmiotom niepublicznym zadań wynikających z programów rządowych','rehabilitacja społeczna osób niepełnosprawnych','sporządzanie oceny zasobów pomocy społecznej, na podstawie ocen sporządzonych przez gminy i powiaty z obszaru województwa, uwzględniającej kwestie i problemy społeczne wynikające z przyjętej strategii i przekazywanie jej właściwym organom','sporządzanie sprawozdań rzeczowo-finansowych dla Państwowego Funduszu Osób Niepełnosprawnych','sporządzanie sprawozdawczości oraz przekazywanie jej właściwemu wojewodzie','udzielanie informacji o formach pomocy dzieciom','udzielanie informacji o możliwościach uzyskania pomocy','udzielanie schronienia, zapewnienie posiłku oraz niezbędnego ubrania osobom tego pozbawionym','upowszechnianie i ochrona praw dziecka','współpraca z instytucjami, organizacjami pozarządowymi, mediami w celu rozwiązywania problemów osób zgłaszających się do punktu konsultacyjnego','współpraca z organizacjami pozarządowymi i fundacjami działającymi na rzecz osób niepełnosprawnych','informacja o dostępnych formach wsparcia i rehabilitacji','inicjowanie działań w stosunku do osób stosujących przemoc','interwencyjne - rozpoznanie sytuacji ofiary przemocy w rodzinie i ocena ryzyka w zakresie zagrożenia bezpieczeństwa','interwencyjne - wspieranie w przezwyciężaniu sytuacji kryzysowej','interwencyjne - zapewnienie schronienia ofierze przemocy w rodzinie oraz dzieciom pozostającym pod jej opieką','motywowanie do udziału w programach oddziaływań korekcyjno-edukacyjnych','obsługa wniosków z zakresu rehabilitacji społecznej i przygotowanie wszelkiej dokumentacji umożliwiającej dofinansowanie potrzeb osób niepełnosprawnych w zakresie: turnusów rehabilitacyjnych, sprzętu rehabilitacyjnego, ortopedycznego i pomocniczego, likwidacji barier architektonicznych oraz sportu, kultury, rekreacji oraz rehabilitacji dzieci i młodzieży i kosztów tworzenia i działalności warsztatów terapii zajęciowej oraz rozliczenie dofinansowania','oddziaływania korekcyjno-edukacyjne wobec osób stosujących przemoc w rodzinie','organizacja szkoleń, konferencji, seminariów','diagnozowanie problemu przemocy w rodzinie','podejmowanie działań w środowisku zagrożonym przemocą w celach zapobiegawczych','tworzenia, współtworzenia i realizacji projektów współfinansowanych lub finansowanych ze środków Unii Europejskiej oraz innych źródeł zagranicznych'",1212011,50.2781,19.5691,miejscowosc,źródło: RJPS eksport 06.03.2026
PCPR,272.0,małopolskie,oświęcimski,Oświęcim,Powiatowe Centrum Pomocy Rodzinie w Oświęcimiu,32-600,Oświęcim,ul. gen. Józefa Bema,4,(33) 842-23-29,bip.malopolska.pl/pcproswiecim,pcpr@powiat.oswiecim.pl,"'prowadzenie ośrodków interwencji kryzysowej','przyznawanie i wypłacanie pomocy na ekonomiczne usamodzielnienie w formie zasiłków, pożyczek oraz pomocy w naturze','pomoc cudzoziemcom, którzy uzyskali w Rzeczypospolitej Polskiej status uchodźcy lub ochronę uzupełniającą, w zakresie indywidualnego programu integracji, oraz opłacanie za te osoby składek na ubezpieczenie zdrowotne','prowadzenie i rozwój infrastruktury ośrodków wsparcia dla osób z zaburzeniami psychicznymi','prowadzenie i rozwój infrastruktury środowiskowych domów samopomocy dla osób z zaburzeniami psychicznymi','poradnictwo specjalistyczne','pomoc w integracji ze środowiskiem osób mających trudności w przystosowaniu się do życia, młodzieży opuszczającej niektóre typy placówek','przyznawanie pomocy pieniężnej na usamodzielnienie oraz na kontynuowanie nauki osobom opuszczającym niektóre typy placówek','udzielanie cudzoziemcom, o których mowa w art. 5a, pomocy w zakresie interwencji kryzysowej','udzielanie informacji o prawach i uprawnieniach','prowadzenie i zapewnienie miejsc w mieszkaniach chronionych','pomoc asystenta'",1213011,50.0347,19.211,miejscowosc,źródło: RJPS eksport 06.03.2026
PCPR,273.0,małopolskie,proszowicki,Proszowice,Powiatowe Centrum Pomocy Rodzinie w Proszowicach,32-100,Proszowice,ul. 3 Maja,72,(12) 386-29-60    517-847-661,www.pcpr.proszowice.pl,pcpr@pcpr.proszowice.pl,"'przyznawanie pomocy pieniężnej na usamodzielnienie oraz na kontynuowanie nauki osobom opuszczającym niektóre typy placówek','poradnictwo specjalistyczne','prowadzenie mieszkań chronionych dla osób z terenu więcej niż jednej gminy oraz powiatowych ośrodków wsparcia, w tym domów dla matek z małoletnimi dziećmi i kobiet w ciąży','prowadzenie ośrodków interwencji kryzysowej','udzielanie informacji o prawach i uprawnieniach','pomoc cudzoziemcom, którzy uzyskali w Rzeczypospolitej Polskiej status uchodźcy lub ochronę uzupełniającą, w zakresie indywidualnego programu integracji, oraz opłacanie za te osoby składek na ubezpieczenie zdrowotne','pomoc psychologa','programy aktywizujące','prowadzenie i rozwój infrastruktury domów pomocy społecznej o zasięgu ponadgminnym oraz umieszczanie w nich skierowanych osób','prowadzenie i rozwój infrastruktury środowiskowych domów samopomocy dla osób z zaburzeniami psychicznymi','rehabilitacja społeczna osób niepełnosprawnych','sporządzanie oceny zasobów pomocy społecznej, na podstawie ocen sporządzonych przez gminy i powiaty z obszaru województwa, uwzględniającej kwestie i problemy społeczne wynikające z przyjętej strategii i przekazywanie jej właściwym organom','sporządzanie sprawozdań rzeczowo-finansowych dla Państwowego Funduszu Osób Niepełnosprawnych','sporządzanie sprawozdawczości oraz przekazywanie jej właściwemu wojewodzie','udzielanie informacji o formach pomocy dzieciom','współpraca z organizacjami pozarządowymi i fundacjami działającymi na rzecz osób niepełnosprawnych','inicjowanie działań w stosunku do osób stosujących przemoc','mediacje, ugody','motywowanie do udziału w programach oddziaływań korekcyjno-edukacyjnych','nadzór nad działalnością warsztatów terapii zajęciowej','obsługa wniosków z zakresu rehabilitacji społecznej i przygotowanie wszelkiej dokumentacji umożliwiającej dofinansowanie potrzeb osób niepełnosprawnych w zakresie: turnusów rehabilitacyjnych, sprzętu rehabilitacyjnego, ortopedycznego i pomocniczego, likwidacji barier architektonicznych oraz sportu, kultury, rekreacji oraz rehabilitacji dzieci i młodzieży i kosztów tworzenia i działalności warsztatów terapii zajęciowej oraz rozliczenie dofinansowania','oddziaływania korekcyjno-edukacyjne wobec osób stosujących przemoc w rodzinie','diagnozowanie problemu przemocy w rodzinie','pomoc socjalna'",1214011,50.1942,20.2828,miejscowosc,źródło: RJPS eksport 06.03.2026
PCPR,274.0,małopolskie,suski,Sucha Beskidzka,Powiatowe Centrum Pomocy Rodzinie w Suchej Beskidzkiej,34-200,Sucha Beskidzka,ul. Kościelna,5b,(33) 874-40-31 ,www.pcpr.suchabeskidzka.pl,info@pcpr.suchabeskidzka.pl,"'pomoc cudzoziemcom, którzy uzyskali w Rzeczypospolitej Polskiej status uchodźcy lub ochronę uzupełniającą, w zakresie indywidualnego programu integracji, oraz opłacanie za te osoby składek na ubezpieczenie zdrowotne','pomoc socjalna','prowadzenie i rozwój infrastruktury środowiskowych domów samopomocy dla osób z zaburzeniami psychicznymi','poradnictwo specjalistyczne','przyznawanie pomocy pieniężnej na usamodzielnienie oraz na kontynuowanie nauki osobom opuszczającym niektóre typy placówek','pomoc w integracji ze środowiskiem osób mających trudności w przystosowaniu się do życia, młodzieży opuszczającej niektóre typy placówek','udzielanie informacji o prawach i uprawnieniach','działalność na rzecz ochrony rodziny','warsztaty terapii zajęciowej','sporządzanie oceny zasobów pomocy społecznej, na podstawie ocen sporządzonych przez gminy i powiaty z obszaru województwa, uwzględniającej kwestie i problemy społeczne wynikające z przyjętej strategii i przekazywanie jej właściwym organom','sporządzanie sprawozdań rzeczowo-finansowych dla Państwowego Funduszu Osób Niepełnosprawnych','sporządzanie sprawozdawczości oraz przekazywanie jej właściwemu wojewodzie','udzielanie informacji o możliwościach uzyskania pomocy','prowadzenie i rozwój infrastruktury domów pomocy społecznej o zasięgu ponadgminnym oraz umieszczanie w nich skierowanych osób','przyjmowanie i rozpatrywanie skarg, wniosków i zażaleń','rehabilitacja społeczna osób niepełnosprawnych','współpraca z organizacjami pozarządowymi i fundacjami działającymi na rzecz osób niepełnosprawnych'",1215011,49.7432,19.594,miejscowosc,źródło: RJPS eksport 06.03.2026
PCPR,278.0,małopolskie,wielicki,Wieliczka,Powiatowe Centrum Pomocy Rodzinie w Wieliczce,32-020,Wieliczka,ul. Niepołomska,26 G,(12) 288-02-20,www.pcpr-wieliczka.pl,sekretariat@pcpr-wieliczka.pl,"'poradnictwo specjalistyczne','pomoc w integracji ze środowiskiem osób mających trudności w przystosowaniu się do życia, młodzieży opuszczającej niektóre typy placówek','pomoc socjalna','pomoc cudzoziemcom, którzy uzyskali w Rzeczypospolitej Polskiej status uchodźcy lub ochronę uzupełniającą, w zakresie indywidualnego programu integracji, oraz opłacanie za te osoby składek na ubezpieczenie zdrowotne','prowadzenie i zapewnienie miejsc w domach pomocy społecznej i ośrodkach wsparcia o zasięgu gminnym oraz kierowanie do nich osób wymagających opieki','przyznawanie pomocy pieniężnej na usamodzielnienie oraz na kontynuowanie nauki osobom opuszczającym niektóre typy placówek','udzielanie cudzoziemcom, o których mowa w art. 5a, pomocy w zakresie interwencji kryzysowej','wypłacanie wynagrodzenia za sprawowanie opieki'",1219011,49.9888,20.0653,miejscowosc,źródło: RJPS eksport 06.03.2026
OPS,10000,małopolskie,bocheński,Niegowić,Gminny Ośrodek Pomocy Społecznej Niegowić,,Niegowić,Niegowić,,,,,,1201062,49.98,20.15,gmina_centrum,Źródło: mir.org.pl - wymaga weryfikacji danych kontaktowych
OPS,10001,małopolskie,bocheński,Rzezawa,Gminny Ośrodek Pomocy Społecznej Rzezawa,,Rzezawa,Długa,21,14 685-85-55,,,,1201072,49.95,20.5,gmina_centrum,Źródło: mir.org.pl - wymaga weryfikacji danych kontaktowych
OPS,10002,małopolskie,brzeski,Czchów,Miejski Ośrodek Pomocy Społecznej i Świadczeń Rodzinnych w Czchowie,,Czchów,Rynek,12,14 663-65-65,,,,1202032,49.84,20.65,gmina_centrum,Źródło: mir.org.pl - wymaga weryfikacji danych kontaktowych
OPS,10003,małopolskie,brzeski,Dębno,GOPS Dębno,,Wola Dębińska,Wola Dębińska,240,14 631-85-92,,,,1202042,50.01,20.58,gmina_centrum,Źródło: mir.org.pl - wymaga weryfikacji danych kontaktowych
OPS,10004,małopolskie,brzeski,Gnojnik,Gminny Ośrodek Pomocy Społecznej Gnojnik,,Gnojnik,Gnojnik,1,14 686-97-20,,,,1202052,49.97,20.73,gmina_centrum,Źródło: mir.org.pl - wymaga weryfikacji danych kontaktowych
OPS,10005,małopolskie,brzeski,Iwkowa,GOPS Iwkowa,,Iwkowa,Iwkowa,468,14 684-40-20,,,,1202062,49.92,20.68,gmina_centrum,Źródło: mir.org.pl - wymaga weryfikacji danych kontaktowych
OPS,10006,małopolskie,brzeski,Szczurowa,Gminny Ośrodek Pomocy Społecznej Szczurowa,,Szczurowa,Rynek,3,14 671-31-20,,,,1202072,50.05,20.62,gmina_centrum,Źródło: mir.org.pl - wymaga weryfikacji danych kontaktowych
OPS,10007,małopolskie,chrzanowski,Alwernia,Miejsko-Gminny Ośrodek Pomocy Społecznej Alwernia,,Alwernia,Gęsikowskiego,7,12 283-11-15,,,,1203022,50.07,19.53,gmina_centrum,Źródło: mir.org.pl - wymaga weryfikacji danych kontaktowych
OPS,10008,małopolskie,chrzanowski,Trzebinia,Miejsko-Gminny Ośrodek Pomocy Społecznej Trzebinia,,Trzebinia,Kościuszki,38,32 612-15-10,,,,1203051,50.16,19.47,gmina_centrum,Źródło: mir.org.pl - wymaga weryfikacji danych kontaktowych
OPS,10009,małopolskie,dąbrowski,Dąbrowa Tarnowska,Miejsko-Gminny Ośrodek Pomocy Społecznej w Dąbrowie Tarnowskiej,,Dąbrowa Tarnowska,Rynek,34,14 642-29-15,,,,1204011,50.17,20.99,gmina_centrum,Źródło: mir.org.pl - wymaga weryfikacji danych kontaktowych
OPS,10010,małopolskie,dąbrowski,Mędrzechów,Gminny Ośrodek Pomocy Społecznej Mędrzechów,,Mędrzechów,Mędrzechów,434,14 644-24-23,,,,1204042,50.19,21.06,gmina_centrum,Źródło: mir.org.pl - wymaga weryfikacji danych kontaktowych
OPS,10011,małopolskie,dąbrowski,Olesno,Gminny Ośrodek Pomocy Społecznej Olesno,,Olesno,Długa,18,14 641-10-82,,,,1204052,50.14,21.13,gmina_centrum,Źródło: mir.org.pl - wymaga weryfikacji danych kontaktowych
OPS,10012,małopolskie,dąbrowski,Radgoszcz,GOPS Radgoszcz,,Radgoszcz,Pl. Św. Kazimierza,7-8,14 641-46-60,,,,1204062,50.21,21.19,gmina_centrum,Źródło: mir.org.pl - wymaga weryfikacji danych kontaktowych
OPS,10013,małopolskie,dąbrowski,Szczucin,MGOPS Szczucin,,Szczucin,Wolności,3,14 643-64-18,,,,1204072,50.31,21.06,gmina_centrum,Źródło: mir.org.pl - wymaga weryfikacji danych kontaktowych
OPS,10014,małopolskie,gorlicki,Lipinki,Ośrodek Pomocy Społecznej Lipinki,,Lipinki,Lipinki,53,13 447-78-92,,,,1205042,49.73,21.19,gmina_centrum,Źródło: mir.org.pl - wymaga weryfikacji danych kontaktowych
OPS,10015,małopolskie,gorlicki,Łużna,Gminny Ośrodek Pomocy Społecznej Łużna,,Łużna,Łużna,634,18 354-30-41,,,,1205052,49.7,21.04,gmina_centrum,Źródło: mir.org.pl - wymaga weryfikacji danych kontaktowych
OPS,10016,małopolskie,gorlicki,Moszczenica,Gminny Ośrodek Pomocy Społecznej Moszczenica,,Moszczenica,Moszczenica,618,18 354-xx-xx,,,,1205062,49.72,21.15,gmina_centrum,Źródło: mir.org.pl - wymaga weryfikacji danych kontaktowych
OPS,10017,małopolskie,gorlicki,Ropa,Gminny Ośrodek Pomocy Społecznej Ropa,,Ropa,Ropa,733,18 353-40-14,,,,1205072,49.64,21.1,gmina_centrum,Źródło: mir.org.pl - wymaga weryfikacji danych kontaktowych
OPS,10018,małopolskie,krakowski,Igołomia-Wawrzeńczyce,Gminny Ośrodek Pomocy Społecznej w Igołomi-Wawrzeńczycach,,Wawrzeńczyce,Wawrzeńczyce,57,12 287-40-03,,,,1206032,50.1,20.32,gmina_centrum,Źródło: mir.org.pl - wymaga weryfikacji danych kontaktowych
OPS,10019,małopolskie,krakowski,Iwanowice,GOPS Iwanowice,,Iwanowice,Iwanowice,99,12 388-41-22,,,,1206042,50.27,19.93,gmina_centrum,Źródło: mir.org.pl - wymaga weryfikacji danych kontaktowych
OPS,10020,małopolskie,krakowski,Skała,Miejsko-Gminny Ośrodek Pomocy Społecznej Skała,,Skała,Szkolna,4,12 389-14-37,,,,1206101,50.26,19.85,gmina_centrum,Źródło: mir.org.pl - wymaga weryfikacji danych kontaktowych
OPS,10021,małopolskie,krakowski,Skawina,Miejsko-Gminny Ośrodek Pomocy Społecznej Skawina,,Skawina,Żwirki i Wigury,13,12 276-21-37,,,,1206111,49.98,19.83,gmina_centrum,Źródło: mir.org.pl - wymaga weryfikacji danych kontaktowych
OPS,10022,małopolskie,krakowski,Wielka Wieś,Gminny Ośrodek Pomocy Społecznej Wielka Wieś,,Szyce,Szyce,65,12 419-11-01,,,,1206152,50.24,19.88,gmina_centrum,Źródło: mir.org.pl - wymaga weryfikacji danych kontaktowych
OPS,10023,małopolskie,limanowski,Kamienica,Gminny Ośrodek Pomocy Społecznej Kamienica,,Kamienica,Kamienica,420,18 332-30-67,,,,1207042,49.66,20.16,gmina_centrum,Źródło: mir.org.pl - wymaga weryfikacji danych kontaktowych
OPS,10024,małopolskie,limanowski,Łukowica,Gminny Ośrodek Pomocy Społecznej Łukowica,,Łukowica,Łukowica,286,18 333-50-66,,,,1207062,49.72,20.36,gmina_centrum,Źródło: mir.org.pl - wymaga weryfikacji danych kontaktowych
OPS,10025,małopolskie,limanowski,Tymbark,Gminny Ośrodek Pomocy Społecznej Tymbark,,Tymbark,Rynek,49,18 332-53-22,,,,1207112,49.73,20.33,gmina_centrum,Źródło: mir.org.pl - wymaga weryfikacji danych kontaktowych
OPS,10026,małopolskie,miechowski,Charsznica,GOPS Charsznica,,Charsznica,Kolejowa,20,41 383-60-03,,,,1208022,50.37,20.15,gmina_centrum,Źródło: mir.org.pl - wymaga weryfikacji danych kontaktowych
OPS,10027,małopolskie,miechowski,Gołcza,GOPS Gołcza,,Gołcza,Gołcza,80,12 388-64-11,,,,1208032,50.33,20.04,gmina_centrum,Źródło: mir.org.pl - wymaga weryfikacji danych kontaktowych
OPS,10028,małopolskie,miechowski,Kozłów,GOPS Kozłów,,Kozłów,Kozłów,60,41 384-10-33,,,,1208042,50.4,20.26,gmina_centrum,Źródło: mir.org.pl - wymaga weryfikacji danych kontaktowych
OPS,10029,małopolskie,miechowski,Słaboszów,Gminny Ośrodek Pomocy Społecznej Słaboszów,,Słaboszów,Słaboszów,57,41 384-71-72,,,,1208072,50.43,20.36,gmina_centrum,Źródło: mir.org.pl - wymaga weryfikacji danych kontaktowych
OPS,10030,małopolskie,myślenicki,Dobczyce,Miejsko-Gminny Ośrodek Pomocy Społecznej w Dobczycach,,Dobczyce,Rynek,26,12 372-17-14,,,,1209021,49.88,20.08,gmina_centrum,Źródło: mir.org.pl - wymaga weryfikacji danych kontaktowych
OPS,10031,małopolskie,myślenicki,Raciechowice,Gminny Ośrodek Pomocy Społecznej Raciechowice,,Raciechowice,Raciechowice,277,12 372-52-11,,,,1209052,49.8,20.22,gmina_centrum,Źródło: mir.org.pl - wymaga weryfikacji danych kontaktowych
OPS,10032,małopolskie,myślenicki,Siepraw,Gminny Ośrodek Pomocy Społecznej w Sieprawiu,,Siepraw,Kawęciny,30,12 372-18-25,,,,1209062,49.9,19.96,gmina_centrum,Źródło: mir.org.pl - wymaga weryfikacji danych kontaktowych
OPS,10033,małopolskie,myślenicki,Tokarnia,Gminny Ośrodek Pomocy Społecznej Tokarnia,,Tokarnia,Tokarnia,380,12 274-70-63,,,,1209082,49.81,19.96,gmina_centrum,Źródło: mir.org.pl - wymaga weryfikacji danych kontaktowych
OPS,10034,małopolskie,myślenicki,Wiśniowa,GOPS Wiśniowa,,Wiśniowa,Wiśniowa,441,12 271-40-86,,,,1209092,49.85,20.25,gmina_centrum,Źródło: mir.org.pl - wymaga weryfikacji danych kontaktowych
OPS,10035,małopolskie,nowosądecki,Chełmiec,Gminny Ośrodek Pomocy Społecznej Chełmiec,,Chełmiec,Marcinkowicka,6,18 440-46-27,,,,1210022,49.65,20.78,gmina_centrum,Źródło: mir.org.pl - wymaga weryfikacji danych kontaktowych
OPS,10036,małopolskie,nowosądecki,Gródek nad Dunajcem,Gminny Ośrodek Pomocy Społecznej Gródek nad Dunajcem,,Gródek nad Dunajcem,Gródek nad Dunajcem,170,18 440-10-96,,,,1210032,49.72,20.63,gmina_centrum,Źródło: mir.org.pl - wymaga weryfikacji danych kontaktowych
OPS,10037,małopolskie,nowosądecki,Łososina Dolna,Gminny Ośrodek Pomocy Społecznej Łososina Dolna,,Łososina Dolna,Łososina Dolna,300,18 444-80-02,,,,1210102,49.74,20.52,gmina_centrum,Źródło: mir.org.pl - wymaga weryfikacji danych kontaktowych
OPS,10038,małopolskie,nowosądecki,Nawojowa,Gminny Ośrodek Pomocy Społecznej Nawojowa,,Nawojowa,Nawojowa,313,18 445-70-68,,,,1210112,49.59,20.87,gmina_centrum,Źródło: mir.org.pl - wymaga weryfikacji danych kontaktowych
OPS,10039,małopolskie,nowosądecki,Rytro,Gminny Ośrodek Pomocy Społecznej Rytro,,Rytro,Rytro,265,18 448-64-64,,,,1210142,49.5,20.72,gmina_centrum,Źródło: mir.org.pl - wymaga weryfikacji danych kontaktowych
OPS,10040,małopolskie,nowotarski,Nowy Targ,Miejski Ośrodek Pomocy Społecznej w Nowym Targu,,Nowy Targ,Kościuszki,8,18 266-25-93,,,,1211011,49.48,20.03,gmina_centrum,Źródło: mir.org.pl - wymaga weryfikacji danych kontaktowych
OPS,10041,małopolskie,nowotarski,Czarny Dunajec,Gminny Ośrodek Pomocy Społecznej w Czarnym Dunajcu,,Czarny Dunajec,Kamieniec Dolny,55,18 544-72-89,,,,1211022,49.51,19.92,gmina_centrum,Źródło: mir.org.pl - wymaga weryfikacji danych kontaktowych
OPS,10042,małopolskie,nowotarski,Czorsztyn,Gminny Ośrodek Pomocy Społecznej w Maniowach,,Maniowy,Gorczańska,3,18 275-08-83,,,,1211032,49.44,20.3,gmina_centrum,Źródło: mir.org.pl - wymaga weryfikacji danych kontaktowych
OPS,10043,małopolskie,nowotarski,Jabłonka,GOPS Jabłonka,,Jabłonka,3 Maja,1,18 261-11-47,,,,1211042,49.46,19.66,gmina_centrum,Źródło: mir.org.pl - wymaga weryfikacji danych kontaktowych
OPS,10044,małopolskie,nowotarski,Gmina Nowy Targ,Gminny Ośrodek Pomocy Społecznej Gmina Nowy Targ,,Nowy Targ,Jana Pawła II,97,18 265-55-87,,,,1211092,49.48,20.05,gmina_centrum,Źródło: mir.org.pl - wymaga weryfikacji danych kontaktowych
OPS,10045,małopolskie,nowotarski,Spytkowice,Gminny Ośrodek Pomocy Społecznej Spytkowice,,Spytkowice,Spytkowice,26,18 265-35-68,,,,1211132,49.53,19.71,gmina_centrum,Źródło: mir.org.pl - wymaga weryfikacji danych kontaktowych
OPS,10046,małopolskie,olkuski,Trzyciąż,GOPS Trzyciąż,,Trzyciąż,Trzyciąż,99,12 389-49-34,,,,1212052,50.28,19.86,gmina_centrum,Źródło: mir.org.pl - wymaga weryfikacji danych kontaktowych
OPS,10047,małopolskie,olkuski,Wolbrom,Miejski Ośrodek Pomocy Społecznej w Wolbromiu,,Wolbrom,Skalska,20,32 644-10-75,,,,1212061,50.38,19.76,gmina_centrum,Źródło: mir.org.pl - wymaga weryfikacji danych kontaktowych
OPS,10048,małopolskie,oświęcimski,Polanka Wielka,Gminny Ośrodek Pomocy Społecznej w Polance Wielkiej,,Polanka Wielka,Długa,61,33 848-80-19,,,,1213072,49.98,19.42,gmina_centrum,Źródło: mir.org.pl - wymaga weryfikacji danych kontaktowych
OPS,10049,małopolskie,oświęcimski,Przeciszów,Gminny Ośrodek Pomocy Społecznej Przeciszów,,Przeciszów,Długa,6,33 841-32-80,,,,1213082,49.96,19.47,gmina_centrum,Źródło: mir.org.pl - wymaga weryfikacji danych kontaktowych
OPS,10050,małopolskie,proszowicki,Koniusza,Gminny Ośrodek Pomocy Społecznej Koniusza,,Koniusza,Koniusza,55,12 386-90-32,,,,1214022,50.15,20.29,gmina_centrum,Źródło: mir.org.pl - wymaga weryfikacji danych kontaktowych
OPS,10051,małopolskie,proszowicki,Koszyce,Gminny Ośrodek Pomocy Społecznej Koszyce,,Koszyce,Łokietkówny,14,41 351-40-48,,,,1214032,50.23,20.39,gmina_centrum,Źródło: mir.org.pl - wymaga weryfikacji danych kontaktowych
OPS,10052,małopolskie,proszowicki,Nowe Brzesko,Miejsko-Gminny Ośrodek Pomocy Społecznej w Nowym Brzesku,,Nowe Brzesko,Krakowska,44,12 385-26-55,,,,1214041,50.17,20.52,gmina_centrum,Źródło: mir.org.pl - wymaga weryfikacji danych kontaktowych
OPS,10053,małopolskie,suski,Budzów,Gminny Ośrodek Pomocy Społecznej w Budzowie,,Budzów,Budzów,445,33 876-77-52,,,,1215022,49.86,19.76,gmina_centrum,Źródło: mir.org.pl - wymaga weryfikacji danych kontaktowych
OPS,10054,małopolskie,suski,Bystra-Sidzina,GOPS Bystra-Sidzina,,Bystra-Sidzina,Bystra-Sidzina,467,18 268-12-20,,,,1215032,49.78,19.64,gmina_centrum,Źródło: mir.org.pl - wymaga weryfikacji danych kontaktowych
OPS,10055,małopolskie,suski,Maków Podhalański,Miejski Ośrodek Pomocy Społecznej w Makowie Podhalańskim,,Maków Podhalański,Kościuszki,1,33 877-15-54,,,,1215061,49.73,19.68,gmina_centrum,Źródło: mir.org.pl - wymaga weryfikacji danych kontaktowych
OPS,10056,małopolskie,suski,Stryszawa,GOPS Stryszawa,,Stryszawa,Stryszawa,17,33 876-77-24,,,,1215072,49.77,19.6,gmina_centrum,Źródło: mir.org.pl - wymaga weryfikacji danych kontaktowych
OPS,10057,małopolskie,tarnowski,Gmina Tarnów,Gminny Ośrodek Pomocy Społecznej Tarnów,,Tarnów,Krakowska,19,14 688-01-54,,,,1216022,50.01,20.99,gmina_centrum,Źródło: mir.org.pl - wymaga weryfikacji danych kontaktowych
OPS,10058,małopolskie,tarnowski,Lisia Góra,Gminny Ośrodek Pomocy Społecznej Lisia Góra,,Lisia Góra,1 Maja,7,14 678-45-68,,,,1216052,50.07,21.09,gmina_centrum,Źródło: mir.org.pl - wymaga weryfikacji danych kontaktowych
OPS,10059,małopolskie,tarnowski,Pleśna,Gminny Ośrodek Pomocy Społecznej Pleśna,,Pleśna,Pleśna,240,14 679-81-70,,,,1216062,49.96,21.01,gmina_centrum,Źródło: mir.org.pl - wymaga weryfikacji danych kontaktowych
OPS,10060,małopolskie,tarnowski,Rzepiennik Strzyżewski,Gminny Ośrodek Pomocy Społecznej w Rzepienniku Strzyżewskim,,Rzepiennik Strzyżewski,Rzepiennik Strzyżewski,400,14 653-15-19,,,,1216092,49.87,21.07,gmina_centrum,Źródło: mir.org.pl - wymaga weryfikacji danych kontaktowych
OPS,10061,małopolskie,tatrzański,Zakopane,Miejski Ośrodek Pomocy Społecznej w Zakopanem,,Zakopane,Jagiellońska,7,18 201-47-33,www.mopszakopane.pl,,,1217011,49.299,19.949,gmina_centrum,Źródło: mir.org.pl - wymaga weryfikacji danych kontaktowych
OPS,10062,małopolskie,wadowicki,Brzeźnica,Gminny Ośrodek Pomocy Społecznej Brzeźnica,,Brzeźnica,Krakowska,111,33 879-20-29,,,,1218032,49.97,19.55,gmina_centrum,Źródło: mir.org.pl - wymaga weryfikacji danych kontaktowych
OPS,10063,małopolskie,wadowicki,Lanckorona,Gminny Ośrodek Pomocy Społecznej Lanckorona,,Lanckorona,3 Maja,587,33 876-35-91,,,,1218052,49.91,19.73,gmina_centrum,Źródło: mir.org.pl - wymaga weryfikacji danych kontaktowych
OPS,10064,małopolskie,wadowicki,Spytkowice,Gminny Ośrodek Pomocy Społecznej Spytkowice,,Spytkowice,Zamkowa,12,33 879-17-15,,,,1218072,49.89,19.54,gmina_centrum,Źródło: mir.org.pl - wymaga weryfikacji danych kontaktowych
OPS,10065,małopolskie,wadowicki,Tomice,Gminny Ośrodek Pomocy Społecznej Tomice,,Tomice,Wadowicka,49,33 823-26-47,,,,1218092,49.92,19.62,gmina_centrum,Źródło: mir.org.pl - wymaga weryfikacji danych kontaktowych
OPS,10066,małopolskie,wielicki,Wieliczka,Miejsko-Gminny Ośrodek Pomocy Społecznej w Wieliczce,,Wieliczka,Sienkiewicza,26,12 278-45-61,,,,1219011,49.988,20.065,gmina_centrum,Źródło: mir.org.pl - wymaga weryfikacji danych kontaktowych
OPS,10067,małopolskie,wielicki,Gdów,Gminny Ośrodek Pomocy Społecznej w Gdowie,,Gdów,Gdów,145,12 251-48-32,,,,1219032,49.92,20.2,gmina_centrum,Źródło: mir.org.pl - wymaga weryfikacji danych kontaktowych
OPS,10068,małopolskie,wielicki,Trąbki,Gminny Ośrodek Pomocy Społecznej Trąbki,,Trąbki,Trąbki,,,,,,1219062,49.95,20.15,gmina_centrum,Źródło: mir.org.pl - wymaga weryfikacji danych kontaktowych
