teryt_powiat,powiat,rok,populacja_65plus,zmienna_id,zmienna_nazwa
011212001000,Powiat bocheński,2015,0,2137,Ludność w wieku 65 lat i więcej
011212001000,Powiat bocheński,2016,0,2137,Ludność w wieku 65 lat i więcej
011212001000,Powiat bocheński,2017,0,2137,Ludność w wieku 65 lat i więcej
011212001000,Powiat bocheński,2018,0,2137,Ludność w wieku 65 lat i więcej
011212001000,Powiat bocheński,2019,0,2137,Ludność w wieku 65 lat i więcej
011212001000,Powiat bocheński,2020,0,2137,Ludność w wieku 65 lat i więcej
011212001000,Powiat bocheński,2021,0,2137,Ludność w wieku 65 lat i więcej
011212001000,Powiat bocheński,2022,2160,2137,Ludność w wieku 65 lat i więcej
011212001000,Powiat bocheński,2023,0,2137,Ludność w wieku 65 lat i więcej
011212006000,Powiat krakowski,2015,250,2137,Ludność w wieku 65 lat i więcej
011212006000,Powiat krakowski,2016,0,2137,Ludność w wieku 65 lat i więcej
011212006000,Powiat krakowski,2017,0,2137,Ludność w wieku 65 lat i więcej
011212006000,Powiat krakowski,2018,0,2137,Ludność w wieku 65 lat i więcej
011212006000,Powiat krakowski,2019,0,2137,Ludność w wieku 65 lat i więcej
011212006000,Powiat krakowski,2020,0,2137,Ludność w wieku 65 lat i więcej
011212006000,Powiat krakowski,2021,0,2137,Ludność w wieku 65 lat i więcej
011212006000,Powiat krakowski,2022,1200,2137,Ludność w wieku 65 lat i więcej
011212006000,Powiat krakowski,2023,516,2137,Ludność w wieku 65 lat i więcej
011212008000,Powiat miechowski,2015,0,2137,Ludność w wieku 65 lat i więcej
011212008000,Powiat miechowski,2016,0,2137,Ludność w wieku 65 lat i więcej
011212008000,Powiat miechowski,2017,0,2137,Ludność w wieku 65 lat i więcej
011212008000,Powiat miechowski,2018,0,2137,Ludność w wieku 65 lat i więcej
011212008000,Powiat miechowski,2019,0,2137,Ludność w wieku 65 lat i więcej
011212008000,Powiat miechowski,2020,0,2137,Ludność w wieku 65 lat i więcej
011212008000,Powiat miechowski,2021,0,2137,Ludność w wieku 65 lat i więcej
011212008000,Powiat miechowski,2022,0,2137,Ludność w wieku 65 lat i więcej
011212008000,Powiat miechowski,2023,0,2137,Ludność w wieku 65 lat i więcej
011212009000,Powiat myślenicki,2015,0,2137,Ludność w wieku 65 lat i więcej
011212009000,Powiat myślenicki,2016,14,2137,Ludność w wieku 65 lat i więcej
011212009000,Powiat myślenicki,2017,0,2137,Ludność w wieku 65 lat i więcej
011212009000,Powiat myślenicki,2018,0,2137,Ludność w wieku 65 lat i więcej
011212009000,Powiat myślenicki,2019,0,2137,Ludność w wieku 65 lat i więcej
011212009000,Powiat myślenicki,2020,0,2137,Ludność w wieku 65 lat i więcej
011212009000,Powiat myślenicki,2021,0,2137,Ludność w wieku 65 lat i więcej
011212009000,Powiat myślenicki,2022,0,2137,Ludność w wieku 65 lat i więcej
011212009000,Powiat myślenicki,2023,0,2137,Ludność w wieku 65 lat i więcej
011212014000,Powiat proszowicki,2015,0,2137,Ludność w wieku 65 lat i więcej
011212014000,Powiat proszowicki,2016,0,2137,Ludność w wieku 65 lat i więcej
011212014000,Powiat proszowicki,2017,0,2137,Ludność w wieku 65 lat i więcej
011212014000,Powiat proszowicki,2018,0,2137,Ludność w wieku 65 lat i więcej
011212014000,Powiat proszowicki,2019,0,2137,Ludność w wieku 65 lat i więcej
011212014000,Powiat proszowicki,2020,70,2137,Ludność w wieku 65 lat i więcej
011212014000,Powiat proszowicki,2021,0,2137,Ludność w wieku 65 lat i więcej
011212014000,Powiat proszowicki,2022,0,2137,Ludność w wieku 65 lat i więcej
011212014000,Powiat proszowicki,2023,0,2137,Ludność w wieku 65 lat i więcej
011212019000,Powiat wielicki,2015,0,2137,Ludność w wieku 65 lat i więcej
011212019000,Powiat wielicki,2016,0,2137,Ludność w wieku 65 lat i więcej
011212019000,Powiat wielicki,2017,0,2137,Ludność w wieku 65 lat i więcej
011212019000,Powiat wielicki,2018,0,2137,Ludność w wieku 65 lat i więcej
011212019000,Powiat wielicki,2019,0,2137,Ludność w wieku 65 lat i więcej
011212019000,Powiat wielicki,2020,0,2137,Ludność w wieku 65 lat i więcej
011212019000,Powiat wielicki,2021,0,2137,Ludność w wieku 65 lat i więcej
011212019000,Powiat wielicki,2022,0,2137,Ludność w wieku 65 lat i więcej
011212019000,Powiat wielicki,2023,0,2137,Ludność w wieku 65 lat i więcej
011212161000,Powiat m. Kraków,2015,0,2137,Ludność w wieku 65 lat i więcej
011212161000,Powiat m. Kraków,2016,0,2137,Ludność w wieku 65 lat i więcej
011212161000,Powiat m. Kraków,2017,0,2137,Ludność w wieku 65 lat i więcej
011212161000,Powiat m. Kraków,2018,0,2137,Ludność w wieku 65 lat i więcej
011212161000,Powiat m. Kraków,2019,0,2137,Ludność w wieku 65 lat i więcej
011212161000,Powiat m. Kraków,2020,0,2137,Ludność w wieku 65 lat i więcej
011212161000,Powiat m. Kraków,2021,0,2137,Ludność w wieku 65 lat i więcej
011212161000,Powiat m. Kraków,2022,0,2137,Ludność w wieku 65 lat i więcej
011212161000,Powiat m. Kraków,2023,112,2137,Ludność w wieku 65 lat i więcej
011212205000,Powiat gorlicki,2015,88,2137,Ludność w wieku 65 lat i więcej
011212205000,Powiat gorlicki,2016,0,2137,Ludność w wieku 65 lat i więcej
011212205000,Powiat gorlicki,2017,0,2137,Ludność w wieku 65 lat i więcej
011212205000,Powiat gorlicki,2018,44,2137,Ludność w wieku 65 lat i więcej
011212205000,Powiat gorlicki,2019,0,2137,Ludność w wieku 65 lat i więcej
011212205000,Powiat gorlicki,2020,0,2137,Ludność w wieku 65 lat i więcej
011212205000,Powiat gorlicki,2021,168,2137,Ludność w wieku 65 lat i więcej
011212205000,Powiat gorlicki,2022,0,2137,Ludność w wieku 65 lat i więcej
011212205000,Powiat gorlicki,2023,0,2137,Ludność w wieku 65 lat i więcej
011212207000,Powiat limanowski,2015,0,2137,Ludność w wieku 65 lat i więcej
011212207000,Powiat limanowski,2016,0,2137,Ludność w wieku 65 lat i więcej
011212207000,Powiat limanowski,2017,517,2137,Ludność w wieku 65 lat i więcej
011212207000,Powiat limanowski,2018,120,2137,Ludność w wieku 65 lat i więcej
011212207000,Powiat limanowski,2019,85,2137,Ludność w wieku 65 lat i więcej
011212207000,Powiat limanowski,2020,0,2137,Ludność w wieku 65 lat i więcej
011212207000,Powiat limanowski,2021,0,2137,Ludność w wieku 65 lat i więcej
011212207000,Powiat limanowski,2022,0,2137,Ludność w wieku 65 lat i więcej
011212207000,Powiat limanowski,2023,0,2137,Ludność w wieku 65 lat i więcej
011212210000,Powiat nowosądecki,2015,972,2137,Ludność w wieku 65 lat i więcej
011212210000,Powiat nowosądecki,2016,75,2137,Ludność w wieku 65 lat i więcej
011212210000,Powiat nowosądecki,2017,0,2137,Ludność w wieku 65 lat i więcej
011212210000,Powiat nowosądecki,2018,0,2137,Ludność w wieku 65 lat i więcej
011212210000,Powiat nowosądecki,2019,0,2137,Ludność w wieku 65 lat i więcej
011212210000,Powiat nowosądecki,2020,240,2137,Ludność w wieku 65 lat i więcej
011212210000,Powiat nowosądecki,2021,3552,2137,Ludność w wieku 65 lat i więcej
011212210000,Powiat nowosądecki,2022,0,2137,Ludność w wieku 65 lat i więcej
011212210000,Powiat nowosądecki,2023,132,2137,Ludność w wieku 65 lat i więcej
011212262000,Powiat m. Nowy Sącz,2015,0,2137,Ludność w wieku 65 lat i więcej
011212262000,Powiat m. Nowy Sącz,2016,0,2137,Ludność w wieku 65 lat i więcej
011212262000,Powiat m. Nowy Sącz,2017,0,2137,Ludność w wieku 65 lat i więcej
011212262000,Powiat m. Nowy Sącz,2018,0,2137,Ludność w wieku 65 lat i więcej
011212262000,Powiat m. Nowy Sącz,2019,0,2137,Ludność w wieku 65 lat i więcej
011212262000,Powiat m. Nowy Sącz,2020,0,2137,Ludność w wieku 65 lat i więcej
011212262000,Powiat m. Nowy Sącz,2021,0,2137,Ludność w wieku 65 lat i więcej
011212262000,Powiat m. Nowy Sącz,2022,0,2137,Ludność w wieku 65 lat i więcej
011212262000,Powiat m. Nowy Sącz,2023,0,2137,Ludność w wieku 65 lat i więcej
011212303000,Powiat chrzanowski,2015,0,2137,Ludność w wieku 65 lat i więcej
011212303000,Powiat chrzanowski,2016,0,2137,Ludność w wieku 65 lat i więcej
011212303000,Powiat chrzanowski,2017,0,2137,Ludność w wieku 65 lat i więcej
011212303000,Powiat chrzanowski,2018,0,2137,Ludność w wieku 65 lat i więcej
011212303000,Powiat chrzanowski,2019,0,2137,Ludność w wieku 65 lat i więcej
011212303000,Powiat chrzanowski,2020,0,2137,Ludność w wieku 65 lat i więcej
011212303000,Powiat chrzanowski,2021,0,2137,Ludność w wieku 65 lat i więcej
011212303000,Powiat chrzanowski,2022,0,2137,Ludność w wieku 65 lat i więcej
011212303000,Powiat chrzanowski,2023,0,2137,Ludność w wieku 65 lat i więcej
011212312000,Powiat olkuski,2015,0,2137,Ludność w wieku 65 lat i więcej
011212312000,Powiat olkuski,2016,0,2137,Ludność w wieku 65 lat i więcej
011212312000,Powiat olkuski,2017,0,2137,Ludność w wieku 65 lat i więcej
011212312000,Powiat olkuski,2018,0,2137,Ludność w wieku 65 lat i więcej
011212312000,Powiat olkuski,2019,0,2137,Ludność w wieku 65 lat i więcej
011212312000,Powiat olkuski,2020,0,2137,Ludność w wieku 65 lat i więcej
011212312000,Powiat olkuski,2021,0,2137,Ludność w wieku 65 lat i więcej
011212312000,Powiat olkuski,2022,10,2137,Ludność w wieku 65 lat i więcej
011212312000,Powiat olkuski,2023,0,2137,Ludność w wieku 65 lat i więcej
011212313000,Powiat oświęcimski,2015,0,2137,Ludność w wieku 65 lat i więcej
011212313000,Powiat oświęcimski,2016,0,2137,Ludność w wieku 65 lat i więcej
011212313000,Powiat oświęcimski,2017,0,2137,Ludność w wieku 65 lat i więcej
011212313000,Powiat oświęcimski,2018,0,2137,Ludność w wieku 65 lat i więcej
011212313000,Powiat oświęcimski,2019,2346,2137,Ludność w wieku 65 lat i więcej
011212313000,Powiat oświęcimski,2020,0,2137,Ludność w wieku 65 lat i więcej
011212313000,Powiat oświęcimski,2021,0,2137,Ludność w wieku 65 lat i więcej
011212313000,Powiat oświęcimski,2022,0,2137,Ludność w wieku 65 lat i więcej
011212313000,Powiat oświęcimski,2023,0,2137,Ludność w wieku 65 lat i więcej
011212318000,Powiat wadowicki,2015,0,2137,Ludność w wieku 65 lat i więcej
011212318000,Powiat wadowicki,2016,0,2137,Ludność w wieku 65 lat i więcej
011212318000,Powiat wadowicki,2017,0,2137,Ludność w wieku 65 lat i więcej
011212318000,Powiat wadowicki,2018,0,2137,Ludność w wieku 65 lat i więcej
011212318000,Powiat wadowicki,2019,0,2137,Ludność w wieku 65 lat i więcej
011212318000,Powiat wadowicki,2020,0,2137,Ludność w wieku 65 lat i więcej
011212318000,Powiat wadowicki,2021,0,2137,Ludność w wieku 65 lat i więcej
011212318000,Powiat wadowicki,2022,0,2137,Ludność w wieku 65 lat i więcej
011212318000,Powiat wadowicki,2023,300,2137,Ludność w wieku 65 lat i więcej
011212402000,Powiat brzeski,2015,0,2137,Ludność w wieku 65 lat i więcej
011212402000,Powiat brzeski,2016,0,2137,Ludność w wieku 65 lat i więcej
011212402000,Powiat brzeski,2017,0,2137,Ludność w wieku 65 lat i więcej
011212402000,Powiat brzeski,2018,0,2137,Ludność w wieku 65 lat i więcej
011212402000,Powiat brzeski,2019,0,2137,Ludność w wieku 65 lat i więcej
011212402000,Powiat brzeski,2020,0,2137,Ludność w wieku 65 lat i więcej
011212402000,Powiat brzeski,2021,0,2137,Ludność w wieku 65 lat i więcej
011212402000,Powiat brzeski,2022,0,2137,Ludność w wieku 65 lat i więcej
011212402000,Powiat brzeski,2023,0,2137,Ludność w wieku 65 lat i więcej
011212404000,Powiat dąbrowski,2015,0,2137,Ludność w wieku 65 lat i więcej
011212404000,Powiat dąbrowski,2016,0,2137,Ludność w wieku 65 lat i więcej
011212404000,Powiat dąbrowski,2017,0,2137,Ludność w wieku 65 lat i więcej
011212404000,Powiat dąbrowski,2018,0,2137,Ludność w wieku 65 lat i więcej
011212404000,Powiat dąbrowski,2019,0,2137,Ludność w wieku 65 lat i więcej
011212404000,Powiat dąbrowski,2020,0,2137,Ludność w wieku 65 lat i więcej
011212404000,Powiat dąbrowski,2021,0,2137,Ludność w wieku 65 lat i więcej
011212404000,Powiat dąbrowski,2022,0,2137,Ludność w wieku 65 lat i więcej
011212404000,Powiat dąbrowski,2023,0,2137,Ludność w wieku 65 lat i więcej
011212416000,Powiat tarnowski,2015,0,2137,Ludność w wieku 65 lat i więcej
011212416000,Powiat tarnowski,2016,0,2137,Ludność w wieku 65 lat i więcej
011212416000,Powiat tarnowski,2017,1500,2137,Ludność w wieku 65 lat i więcej
011212416000,Powiat tarnowski,2018,0,2137,Ludność w wieku 65 lat i więcej
011212416000,Powiat tarnowski,2019,0,2137,Ludność w wieku 65 lat i więcej
011212416000,Powiat tarnowski,2020,0,2137,Ludność w wieku 65 lat i więcej
011212416000,Powiat tarnowski,2021,0,2137,Ludność w wieku 65 lat i więcej
011212416000,Powiat tarnowski,2022,284,2137,Ludność w wieku 65 lat i więcej
011212416000,Powiat tarnowski,2023,0,2137,Ludność w wieku 65 lat i więcej
011212463000,Powiat m. Tarnów,2015,0,2137,Ludność w wieku 65 lat i więcej
011212463000,Powiat m. Tarnów,2016,0,2137,Ludność w wieku 65 lat i więcej
011212463000,Powiat m. Tarnów,2017,0,2137,Ludność w wieku 65 lat i więcej
011212463000,Powiat m. Tarnów,2018,0,2137,Ludność w wieku 65 lat i więcej
011212463000,Powiat m. Tarnów,2019,0,2137,Ludność w wieku 65 lat i więcej
011212463000,Powiat m. Tarnów,2020,0,2137,Ludność w wieku 65 lat i więcej
011212463000,Powiat m. Tarnów,2021,0,2137,Ludność w wieku 65 lat i więcej
011212463000,Powiat m. Tarnów,2022,0,2137,Ludność w wieku 65 lat i więcej
011212463000,Powiat m. Tarnów,2023,0,2137,Ludność w wieku 65 lat i więcej
011216911000,Powiat nowotarski,2015,0,2137,Ludność w wieku 65 lat i więcej
011216911000,Powiat nowotarski,2016,0,2137,Ludność w wieku 65 lat i więcej
011216911000,Powiat nowotarski,2017,0,2137,Ludność w wieku 65 lat i więcej
011216911000,Powiat nowotarski,2018,696,2137,Ludność w wieku 65 lat i więcej
011216911000,Powiat nowotarski,2019,40,2137,Ludność w wieku 65 lat i więcej
011216911000,Powiat nowotarski,2020,0,2137,Ludność w wieku 65 lat i więcej
011216911000,Powiat nowotarski,2021,0,2137,Ludność w wieku 65 lat i więcej
011216911000,Powiat nowotarski,2022,0,2137,Ludność w wieku 65 lat i więcej
011216911000,Powiat nowotarski,2023,0,2137,Ludność w wieku 65 lat i więcej
011216915000,Powiat suski,2015,0,2137,Ludność w wieku 65 lat i więcej
011216915000,Powiat suski,2016,0,2137,Ludność w wieku 65 lat i więcej
011216915000,Powiat suski,2017,0,2137,Ludność w wieku 65 lat i więcej
011216915000,Powiat suski,2018,0,2137,Ludność w wieku 65 lat i więcej
011216915000,Powiat suski,2019,0,2137,Ludność w wieku 65 lat i więcej
011216915000,Powiat suski,2020,17,2137,Ludność w wieku 65 lat i więcej
011216915000,Powiat suski,2021,0,2137,Ludność w wieku 65 lat i więcej
011216915000,Powiat suski,2022,0,2137,Ludność w wieku 65 lat i więcej
011216915000,Powiat suski,2023,480,2137,Ludność w wieku 65 lat i więcej
011216917000,Powiat tatrzański,2015,0,2137,Ludność w wieku 65 lat i więcej
011216917000,Powiat tatrzański,2016,0,2137,Ludność w wieku 65 lat i więcej
011216917000,Powiat tatrzański,2017,0,2137,Ludność w wieku 65 lat i więcej
011216917000,Powiat tatrzański,2018,0,2137,Ludność w wieku 65 lat i więcej
011216917000,Powiat tatrzański,2019,0,2137,Ludność w wieku 65 lat i więcej
011216917000,Powiat tatrzański,2020,0,2137,Ludność w wieku 65 lat i więcej
011216917000,Powiat tatrzański,2021,0,2137,Ludność w wieku 65 lat i więcej
011216917000,Powiat tatrzański,2022,0,2137,Ludność w wieku 65 lat i więcej
011216917000,Powiat tatrzański,2023,0,2137,Ludność w wieku 65 lat i więcej
012414402000,Powiat bielski,2015,0,2137,Ludność w wieku 65 lat i więcej
012414402000,Powiat bielski,2016,0,2137,Ludność w wieku 65 lat i więcej
012414402000,Powiat bielski,2017,1200,2137,Ludność w wieku 65 lat i więcej
012414402000,Powiat bielski,2018,0,2137,Ludność w wieku 65 lat i więcej
012414402000,Powiat bielski,2019,0,2137,Ludność w wieku 65 lat i więcej
012414402000,Powiat bielski,2020,0,2137,Ludność w wieku 65 lat i więcej
012414402000,Powiat bielski,2021,0,2137,Ludność w wieku 65 lat i więcej
012414402000,Powiat bielski,2022,0,2137,Ludność w wieku 65 lat i więcej
012414402000,Powiat bielski,2023,0,2137,Ludność w wieku 65 lat i więcej
012414403000,Powiat cieszyński,2015,0,2137,Ludność w wieku 65 lat i więcej
012414403000,Powiat cieszyński,2016,0,2137,Ludność w wieku 65 lat i więcej
012414403000,Powiat cieszyński,2017,103,2137,Ludność w wieku 65 lat i więcej
012414403000,Powiat cieszyński,2018,1050,2137,Ludność w wieku 65 lat i więcej
012414403000,Powiat cieszyński,2019,0,2137,Ludność w wieku 65 lat i więcej
012414403000,Powiat cieszyński,2020,0,2137,Ludność w wieku 65 lat i więcej
012414403000,Powiat cieszyński,2021,0,2137,Ludność w wieku 65 lat i więcej
012414403000,Powiat cieszyński,2022,0,2137,Ludność w wieku 65 lat i więcej
012414403000,Powiat cieszyński,2023,0,2137,Ludność w wieku 65 lat i więcej
012414417000,Powiat żywiecki,2015,260,2137,Ludność w wieku 65 lat i więcej
012414417000,Powiat żywiecki,2016,0,2137,Ludność w wieku 65 lat i więcej
012414417000,Powiat żywiecki,2017,864,2137,Ludność w wieku 65 lat i więcej
012414417000,Powiat żywiecki,2018,0,2137,Ludność w wieku 65 lat i więcej
012414417000,Powiat żywiecki,2019,0,2137,Ludność w wieku 65 lat i więcej
012414417000,Powiat żywiecki,2020,0,2137,Ludność w wieku 65 lat i więcej
012414417000,Powiat żywiecki,2021,200,2137,Ludność w wieku 65 lat i więcej
012414417000,Powiat żywiecki,2022,0,2137,Ludność w wieku 65 lat i więcej
012414417000,Powiat żywiecki,2023,0,2137,Ludność w wieku 65 lat i więcej
012414461000,Powiat m. Bielsko-Biała,2015,0,2137,Ludność w wieku 65 lat i więcej
012414461000,Powiat m. Bielsko-Biała,2016,19,2137,Ludność w wieku 65 lat i więcej
012414461000,Powiat m. Bielsko-Biała,2017,4,2137,Ludność w wieku 65 lat i więcej
012414461000,Powiat m. Bielsko-Biała,2018,0,2137,Ludność w wieku 65 lat i więcej
012414461000,Powiat m. Bielsko-Biała,2019,360,2137,Ludność w wieku 65 lat i więcej
012414461000,Powiat m. Bielsko-Biała,2020,0,2137,Ludność w wieku 65 lat i więcej
012414461000,Powiat m. Bielsko-Biała,2021,0,2137,Ludność w wieku 65 lat i więcej
012414461000,Powiat m. Bielsko-Biała,2022,0,2137,Ludność w wieku 65 lat i więcej
012414461000,Powiat m. Bielsko-Biała,2023,0,2137,Ludność w wieku 65 lat i więcej
012414507000,Powiat lubliniecki,2015,0,2137,Ludność w wieku 65 lat i więcej
012414507000,Powiat lubliniecki,2016,0,2137,Ludność w wieku 65 lat i więcej
012414507000,Powiat lubliniecki,2017,0,2137,Ludność w wieku 65 lat i więcej
012414507000,Powiat lubliniecki,2018,0,2137,Ludność w wieku 65 lat i więcej
012414507000,Powiat lubliniecki,2019,0,2137,Ludność w wieku 65 lat i więcej
012414507000,Powiat lubliniecki,2020,0,2137,Ludność w wieku 65 lat i więcej
012414507000,Powiat lubliniecki,2021,0,2137,Ludność w wieku 65 lat i więcej
012414507000,Powiat lubliniecki,2022,0,2137,Ludność w wieku 65 lat i więcej
012414507000,Powiat lubliniecki,2023,0,2137,Ludność w wieku 65 lat i więcej
012414513000,Powiat tarnogórski,2015,0,2137,Ludność w wieku 65 lat i więcej
012414513000,Powiat tarnogórski,2016,0,2137,Ludność w wieku 65 lat i więcej
012414513000,Powiat tarnogórski,2017,0,2137,Ludność w wieku 65 lat i więcej
012414513000,Powiat tarnogórski,2018,0,2137,Ludność w wieku 65 lat i więcej
012414513000,Powiat tarnogórski,2019,0,2137,Ludność w wieku 65 lat i więcej
012414513000,Powiat tarnogórski,2020,0,2137,Ludność w wieku 65 lat i więcej
012414513000,Powiat tarnogórski,2021,0,2137,Ludność w wieku 65 lat i więcej
012414513000,Powiat tarnogórski,2022,0,2137,Ludność w wieku 65 lat i więcej
012414513000,Powiat tarnogórski,2023,0,2137,Ludność w wieku 65 lat i więcej
012414562000,Powiat m. Bytom,2015,0,2137,Ludność w wieku 65 lat i więcej
012414562000,Powiat m. Bytom,2016,0,2137,Ludność w wieku 65 lat i więcej
012414562000,Powiat m. Bytom,2017,0,2137,Ludność w wieku 65 lat i więcej
012414562000,Powiat m. Bytom,2018,0,2137,Ludność w wieku 65 lat i więcej
012414562000,Powiat m. Bytom,2019,0,2137,Ludność w wieku 65 lat i więcej
012414562000,Powiat m. Bytom,2020,0,2137,Ludność w wieku 65 lat i więcej
012414562000,Powiat m. Bytom,2021,0,2137,Ludność w wieku 65 lat i więcej
012414562000,Powiat m. Bytom,2022,0,2137,Ludność w wieku 65 lat i więcej
012414562000,Powiat m. Bytom,2023,0,2137,Ludność w wieku 65 lat i więcej
012414571000,Powiat m. Piekary Śląskie,2015,0,2137,Ludność w wieku 65 lat i więcej
012414571000,Powiat m. Piekary Śląskie,2016,0,2137,Ludność w wieku 65 lat i więcej
012414571000,Powiat m. Piekary Śląskie,2017,0,2137,Ludność w wieku 65 lat i więcej
012414571000,Powiat m. Piekary Śląskie,2018,0,2137,Ludność w wieku 65 lat i więcej
012414571000,Powiat m. Piekary Śląskie,2019,0,2137,Ludność w wieku 65 lat i więcej
012414571000,Powiat m. Piekary Śląskie,2020,0,2137,Ludność w wieku 65 lat i więcej
012414571000,Powiat m. Piekary Śląskie,2021,0,2137,Ludność w wieku 65 lat i więcej
012414571000,Powiat m. Piekary Śląskie,2022,0,2137,Ludność w wieku 65 lat i więcej
012414571000,Powiat m. Piekary Śląskie,2023,0,2137,Ludność w wieku 65 lat i więcej
012414604000,Powiat częstochowski,2015,720,2137,Ludność w wieku 65 lat i więcej
012414604000,Powiat częstochowski,2016,0,2137,Ludność w wieku 65 lat i więcej
012414604000,Powiat częstochowski,2017,0,2137,Ludność w wieku 65 lat i więcej
012414604000,Powiat częstochowski,2018,0,2137,Ludność w wieku 65 lat i więcej
012414604000,Powiat częstochowski,2019,0,2137,Ludność w wieku 65 lat i więcej
012414604000,Powiat częstochowski,2020,0,2137,Ludność w wieku 65 lat i więcej
012414604000,Powiat częstochowski,2021,0,2137,Ludność w wieku 65 lat i więcej
012414604000,Powiat częstochowski,2022,0,2137,Ludność w wieku 65 lat i więcej
012414604000,Powiat częstochowski,2023,0,2137,Ludność w wieku 65 lat i więcej
012414606000,Powiat kłobucki,2015,1680,2137,Ludność w wieku 65 lat i więcej
012414606000,Powiat kłobucki,2016,0,2137,Ludność w wieku 65 lat i więcej
012414606000,Powiat kłobucki,2017,0,2137,Ludność w wieku 65 lat i więcej
012414606000,Powiat kłobucki,2018,0,2137,Ludność w wieku 65 lat i więcej
012414606000,Powiat kłobucki,2019,0,2137,Ludność w wieku 65 lat i więcej
012414606000,Powiat kłobucki,2020,11,2137,Ludność w wieku 65 lat i więcej
012414606000,Powiat kłobucki,2021,0,2137,Ludność w wieku 65 lat i więcej
012414606000,Powiat kłobucki,2022,0,2137,Ludność w wieku 65 lat i więcej
012414606000,Powiat kłobucki,2023,0,2137,Ludność w wieku 65 lat i więcej
012414609000,Powiat myszkowski,2015,330,2137,Ludność w wieku 65 lat i więcej
012414609000,Powiat myszkowski,2016,0,2137,Ludność w wieku 65 lat i więcej
012414609000,Powiat myszkowski,2017,412,2137,Ludność w wieku 65 lat i więcej
012414609000,Powiat myszkowski,2018,0,2137,Ludność w wieku 65 lat i więcej
012414609000,Powiat myszkowski,2019,0,2137,Ludność w wieku 65 lat i więcej
012414609000,Powiat myszkowski,2020,0,2137,Ludność w wieku 65 lat i więcej
012414609000,Powiat myszkowski,2021,0,2137,Ludność w wieku 65 lat i więcej
012414609000,Powiat myszkowski,2022,0,2137,Ludność w wieku 65 lat i więcej
012414609000,Powiat myszkowski,2023,0,2137,Ludność w wieku 65 lat i więcej
012414664000,Powiat m. Częstochowa,2015,20,2137,Ludność w wieku 65 lat i więcej
012414664000,Powiat m. Częstochowa,2016,0,2137,Ludność w wieku 65 lat i więcej
012414664000,Powiat m. Częstochowa,2017,0,2137,Ludność w wieku 65 lat i więcej
012414664000,Powiat m. Częstochowa,2018,0,2137,Ludność w wieku 65 lat i więcej
012414664000,Powiat m. Częstochowa,2019,0,2137,Ludność w wieku 65 lat i więcej
012414664000,Powiat m. Częstochowa,2020,0,2137,Ludność w wieku 65 lat i więcej
012414664000,Powiat m. Częstochowa,2021,0,2137,Ludność w wieku 65 lat i więcej
012414664000,Powiat m. Częstochowa,2022,0,2137,Ludność w wieku 65 lat i więcej
012414664000,Powiat m. Częstochowa,2023,0,2137,Ludność w wieku 65 lat i więcej
012414705000,Powiat gliwicki,2015,0,2137,Ludność w wieku 65 lat i więcej
012414705000,Powiat gliwicki,2016,0,2137,Ludność w wieku 65 lat i więcej
012414705000,Powiat gliwicki,2017,0,2137,Ludność w wieku 65 lat i więcej
012414705000,Powiat gliwicki,2018,0,2137,Ludność w wieku 65 lat i więcej
012414705000,Powiat gliwicki,2019,823,2137,Ludność w wieku 65 lat i więcej
012414705000,Powiat gliwicki,2020,50,2137,Ludność w wieku 65 lat i więcej
012414705000,Powiat gliwicki,2021,0,2137,Ludność w wieku 65 lat i więcej
012414705000,Powiat gliwicki,2022,0,2137,Ludność w wieku 65 lat i więcej
012414705000,Powiat gliwicki,2023,0,2137,Ludność w wieku 65 lat i więcej
012414766000,Powiat m. Gliwice,2015,0,2137,Ludność w wieku 65 lat i więcej
012414766000,Powiat m. Gliwice,2016,0,2137,Ludność w wieku 65 lat i więcej
012414766000,Powiat m. Gliwice,2017,0,2137,Ludność w wieku 65 lat i więcej
012414766000,Powiat m. Gliwice,2018,960,2137,Ludność w wieku 65 lat i więcej
012414766000,Powiat m. Gliwice,2019,0,2137,Ludność w wieku 65 lat i więcej
012414766000,Powiat m. Gliwice,2020,0,2137,Ludność w wieku 65 lat i więcej
012414766000,Powiat m. Gliwice,2021,0,2137,Ludność w wieku 65 lat i więcej
012414766000,Powiat m. Gliwice,2022,0,2137,Ludność w wieku 65 lat i więcej
012414766000,Powiat m. Gliwice,2023,0,2137,Ludność w wieku 65 lat i więcej
012414778000,Powiat m. Zabrze,2015,0,2137,Ludność w wieku 65 lat i więcej
012414778000,Powiat m. Zabrze,2016,0,2137,Ludność w wieku 65 lat i więcej
012414778000,Powiat m. Zabrze,2017,0,2137,Ludność w wieku 65 lat i więcej
012414778000,Powiat m. Zabrze,2018,0,2137,Ludność w wieku 65 lat i więcej
012414778000,Powiat m. Zabrze,2019,0,2137,Ludność w wieku 65 lat i więcej
012414778000,Powiat m. Zabrze,2020,0,2137,Ludność w wieku 65 lat i więcej
012414778000,Powiat m. Zabrze,2021,0,2137,Ludność w wieku 65 lat i więcej
012414778000,Powiat m. Zabrze,2022,0,2137,Ludność w wieku 65 lat i więcej
012414778000,Powiat m. Zabrze,2023,0,2137,Ludność w wieku 65 lat i więcej
012414863000,Powiat m. Chorzów,2015,0,2137,Ludność w wieku 65 lat i więcej
012414863000,Powiat m. Chorzów,2016,0,2137,Ludność w wieku 65 lat i więcej
012414863000,Powiat m. Chorzów,2017,0,2137,Ludność w wieku 65 lat i więcej
012414863000,Powiat m. Chorzów,2018,0,2137,Ludność w wieku 65 lat i więcej
012414863000,Powiat m. Chorzów,2019,0,2137,Ludność w wieku 65 lat i więcej
012414863000,Powiat m. Chorzów,2020,0,2137,Ludność w wieku 65 lat i więcej
012414863000,Powiat m. Chorzów,2021,25,2137,Ludność w wieku 65 lat i więcej
012414863000,Powiat m. Chorzów,2022,0,2137,Ludność w wieku 65 lat i więcej
012414863000,Powiat m. Chorzów,2023,0,2137,Ludność w wieku 65 lat i więcej
012414869000,Powiat m. Katowice,2015,0,2137,Ludność w wieku 65 lat i więcej
012414869000,Powiat m. Katowice,2016,0,2137,Ludność w wieku 65 lat i więcej
012414869000,Powiat m. Katowice,2017,0,2137,Ludność w wieku 65 lat i więcej
012414869000,Powiat m. Katowice,2018,0,2137,Ludność w wieku 65 lat i więcej
012414869000,Powiat m. Katowice,2019,0,2137,Ludność w wieku 65 lat i więcej
012414869000,Powiat m. Katowice,2020,0,2137,Ludność w wieku 65 lat i więcej
012414869000,Powiat m. Katowice,2021,0,2137,Ludność w wieku 65 lat i więcej
012414869000,Powiat m. Katowice,2022,0,2137,Ludność w wieku 65 lat i więcej
012414869000,Powiat m. Katowice,2023,0,2137,Ludność w wieku 65 lat i więcej
012414870000,Powiat m. Mysłowice,2015,0,2137,Ludność w wieku 65 lat i więcej
012414870000,Powiat m. Mysłowice,2016,0,2137,Ludność w wieku 65 lat i więcej
012414870000,Powiat m. Mysłowice,2017,0,2137,Ludność w wieku 65 lat i więcej
012414870000,Powiat m. Mysłowice,2018,0,2137,Ludność w wieku 65 lat i więcej
012414870000,Powiat m. Mysłowice,2019,0,2137,Ludność w wieku 65 lat i więcej
012414870000,Powiat m. Mysłowice,2020,0,2137,Ludność w wieku 65 lat i więcej
012414870000,Powiat m. Mysłowice,2021,0,2137,Ludność w wieku 65 lat i więcej
012414870000,Powiat m. Mysłowice,2022,0,2137,Ludność w wieku 65 lat i więcej
012414870000,Powiat m. Mysłowice,2023,0,2137,Ludność w wieku 65 lat i więcej
012414872000,Powiat m. Ruda Śląska,2015,0,2137,Ludność w wieku 65 lat i więcej
012414872000,Powiat m. Ruda Śląska,2016,0,2137,Ludność w wieku 65 lat i więcej
012414872000,Powiat m. Ruda Śląska,2017,0,2137,Ludność w wieku 65 lat i więcej
012414872000,Powiat m. Ruda Śląska,2018,0,2137,Ludność w wieku 65 lat i więcej
012414872000,Powiat m. Ruda Śląska,2019,0,2137,Ludność w wieku 65 lat i więcej
012414872000,Powiat m. Ruda Śląska,2020,0,2137,Ludność w wieku 65 lat i więcej
012414872000,Powiat m. Ruda Śląska,2021,0,2137,Ludność w wieku 65 lat i więcej
012414872000,Powiat m. Ruda Śląska,2022,0,2137,Ludność w wieku 65 lat i więcej
012414872000,Powiat m. Ruda Śląska,2023,0,2137,Ludność w wieku 65 lat i więcej
012414874000,Powiat m. Siemianowice Śląskie,2015,0,2137,Ludność w wieku 65 lat i więcej
012414874000,Powiat m. Siemianowice Śląskie,2016,0,2137,Ludność w wieku 65 lat i więcej
012414874000,Powiat m. Siemianowice Śląskie,2017,0,2137,Ludność w wieku 65 lat i więcej
012414874000,Powiat m. Siemianowice Śląskie,2018,0,2137,Ludność w wieku 65 lat i więcej
012414874000,Powiat m. Siemianowice Śląskie,2019,0,2137,Ludność w wieku 65 lat i więcej
012414874000,Powiat m. Siemianowice Śląskie,2020,0,2137,Ludność w wieku 65 lat i więcej
012414874000,Powiat m. Siemianowice Śląskie,2021,0,2137,Ludność w wieku 65 lat i więcej
012414874000,Powiat m. Siemianowice Śląskie,2022,0,2137,Ludność w wieku 65 lat i więcej
012414874000,Powiat m. Siemianowice Śląskie,2023,0,2137,Ludność w wieku 65 lat i więcej
012414876000,Powiat m. Świętochłowice,2015,0,2137,Ludność w wieku 65 lat i więcej
012414876000,Powiat m. Świętochłowice,2016,0,2137,Ludność w wieku 65 lat i więcej
012414876000,Powiat m. Świętochłowice,2017,0,2137,Ludność w wieku 65 lat i więcej
012414876000,Powiat m. Świętochłowice,2018,0,2137,Ludność w wieku 65 lat i więcej
012414876000,Powiat m. Świętochłowice,2019,0,2137,Ludność w wieku 65 lat i więcej
012414876000,Powiat m. Świętochłowice,2020,0,2137,Ludność w wieku 65 lat i więcej
012414876000,Powiat m. Świętochłowice,2021,0,2137,Ludność w wieku 65 lat i więcej
012414876000,Powiat m. Świętochłowice,2022,0,2137,Ludność w wieku 65 lat i więcej
012414876000,Powiat m. Świętochłowice,2023,0,2137,Ludność w wieku 65 lat i więcej
012414911000,Powiat raciborski,2015,0,2137,Ludność w wieku 65 lat i więcej
012414911000,Powiat raciborski,2016,0,2137,Ludność w wieku 65 lat i więcej
012414911000,Powiat raciborski,2017,0,2137,Ludność w wieku 65 lat i więcej
012414911000,Powiat raciborski,2018,0,2137,Ludność w wieku 65 lat i więcej
012414911000,Powiat raciborski,2019,0,2137,Ludność w wieku 65 lat i więcej
012414911000,Powiat raciborski,2020,0,2137,Ludność w wieku 65 lat i więcej
012414911000,Powiat raciborski,2021,0,2137,Ludność w wieku 65 lat i więcej
012414911000,Powiat raciborski,2022,0,2137,Ludność w wieku 65 lat i więcej
012414911000,Powiat raciborski,2023,0,2137,Ludność w wieku 65 lat i więcej
012414912000,Powiat rybnicki,2015,0,2137,Ludność w wieku 65 lat i więcej
012414912000,Powiat rybnicki,2016,485,2137,Ludność w wieku 65 lat i więcej
012414912000,Powiat rybnicki,2017,270,2137,Ludność w wieku 65 lat i więcej
012414912000,Powiat rybnicki,2018,275,2137,Ludność w wieku 65 lat i więcej
012414912000,Powiat rybnicki,2019,0,2137,Ludność w wieku 65 lat i więcej
012414912000,Powiat rybnicki,2020,0,2137,Ludność w wieku 65 lat i więcej
012414912000,Powiat rybnicki,2021,0,2137,Ludność w wieku 65 lat i więcej
012414912000,Powiat rybnicki,2022,0,2137,Ludność w wieku 65 lat i więcej
012414912000,Powiat rybnicki,2023,0,2137,Ludność w wieku 65 lat i więcej
012414915000,Powiat wodzisławski,2015,0,2137,Ludność w wieku 65 lat i więcej
012414915000,Powiat wodzisławski,2016,0,2137,Ludność w wieku 65 lat i więcej
012414915000,Powiat wodzisławski,2017,0,2137,Ludność w wieku 65 lat i więcej
012414915000,Powiat wodzisławski,2018,0,2137,Ludność w wieku 65 lat i więcej
012414915000,Powiat wodzisławski,2019,0,2137,Ludność w wieku 65 lat i więcej
012414915000,Powiat wodzisławski,2020,0,2137,Ludność w wieku 65 lat i więcej
012414915000,Powiat wodzisławski,2021,0,2137,Ludność w wieku 65 lat i więcej
012414915000,Powiat wodzisławski,2022,0,2137,Ludność w wieku 65 lat i więcej
012414915000,Powiat wodzisławski,2023,0,2137,Ludność w wieku 65 lat i więcej
012414967000,Powiat m. Jastrzębie-Zdrój,2015,0,2137,Ludność w wieku 65 lat i więcej
012414967000,Powiat m. Jastrzębie-Zdrój,2016,0,2137,Ludność w wieku 65 lat i więcej
012414967000,Powiat m. Jastrzębie-Zdrój,2017,0,2137,Ludność w wieku 65 lat i więcej
012414967000,Powiat m. Jastrzębie-Zdrój,2018,0,2137,Ludność w wieku 65 lat i więcej
012414967000,Powiat m. Jastrzębie-Zdrój,2019,0,2137,Ludność w wieku 65 lat i więcej
012414967000,Powiat m. Jastrzębie-Zdrój,2020,0,2137,Ludność w wieku 65 lat i więcej
012414967000,Powiat m. Jastrzębie-Zdrój,2021,0,2137,Ludność w wieku 65 lat i więcej
012414967000,Powiat m. Jastrzębie-Zdrój,2022,0,2137,Ludność w wieku 65 lat i więcej
012414967000,Powiat m. Jastrzębie-Zdrój,2023,0,2137,Ludność w wieku 65 lat i więcej
012414973000,Powiat m. Rybnik,2015,0,2137,Ludność w wieku 65 lat i więcej
012414973000,Powiat m. Rybnik,2016,0,2137,Ludność w wieku 65 lat i więcej
012414973000,Powiat m. Rybnik,2017,0,2137,Ludność w wieku 65 lat i więcej
012414973000,Powiat m. Rybnik,2018,2134,2137,Ludność w wieku 65 lat i więcej
012414973000,Powiat m. Rybnik,2019,0,2137,Ludność w wieku 65 lat i więcej
012414973000,Powiat m. Rybnik,2020,0,2137,Ludność w wieku 65 lat i więcej
012414973000,Powiat m. Rybnik,2021,0,2137,Ludność w wieku 65 lat i więcej
012414973000,Powiat m. Rybnik,2022,0,2137,Ludność w wieku 65 lat i więcej
012414973000,Powiat m. Rybnik,2023,0,2137,Ludność w wieku 65 lat i więcej
012414979000,Powiat m. Żory,2015,0,2137,Ludność w wieku 65 lat i więcej
012414979000,Powiat m. Żory,2016,0,2137,Ludność w wieku 65 lat i więcej
012414979000,Powiat m. Żory,2017,0,2137,Ludność w wieku 65 lat i więcej
012414979000,Powiat m. Żory,2018,0,2137,Ludność w wieku 65 lat i więcej
012414979000,Powiat m. Żory,2019,0,2137,Ludność w wieku 65 lat i więcej
012414979000,Powiat m. Żory,2020,0,2137,Ludność w wieku 65 lat i więcej
012414979000,Powiat m. Żory,2021,0,2137,Ludność w wieku 65 lat i więcej
012414979000,Powiat m. Żory,2022,0,2137,Ludność w wieku 65 lat i więcej
012414979000,Powiat m. Żory,2023,0,2137,Ludność w wieku 65 lat i więcej
012415001000,Powiat będziński,2015,120,2137,Ludność w wieku 65 lat i więcej
012415001000,Powiat będziński,2016,0,2137,Ludność w wieku 65 lat i więcej
012415001000,Powiat będziński,2017,0,2137,Ludność w wieku 65 lat i więcej
012415001000,Powiat będziński,2018,0,2137,Ludność w wieku 65 lat i więcej
012415001000,Powiat będziński,2019,0,2137,Ludność w wieku 65 lat i więcej
012415001000,Powiat będziński,2020,0,2137,Ludność w wieku 65 lat i więcej
012415001000,Powiat będziński,2021,0,2137,Ludność w wieku 65 lat i więcej
012415001000,Powiat będziński,2022,960,2137,Ludność w wieku 65 lat i więcej
012415001000,Powiat będziński,2023,0,2137,Ludność w wieku 65 lat i więcej
012415016000,Powiat zawierciański,2015,0,2137,Ludność w wieku 65 lat i więcej
012415016000,Powiat zawierciański,2016,0,2137,Ludność w wieku 65 lat i więcej
012415016000,Powiat zawierciański,2017,0,2137,Ludność w wieku 65 lat i więcej
012415016000,Powiat zawierciański,2018,0,2137,Ludność w wieku 65 lat i więcej
012415016000,Powiat zawierciański,2019,0,2137,Ludność w wieku 65 lat i więcej
012415016000,Powiat zawierciański,2020,0,2137,Ludność w wieku 65 lat i więcej
012415016000,Powiat zawierciański,2021,0,2137,Ludność w wieku 65 lat i więcej
012415016000,Powiat zawierciański,2022,0,2137,Ludność w wieku 65 lat i więcej
012415016000,Powiat zawierciański,2023,0,2137,Ludność w wieku 65 lat i więcej
012415065000,Powiat m. Dąbrowa Górnicza,2015,0,2137,Ludność w wieku 65 lat i więcej
012415065000,Powiat m. Dąbrowa Górnicza,2016,0,2137,Ludność w wieku 65 lat i więcej
012415065000,Powiat m. Dąbrowa Górnicza,2017,0,2137,Ludność w wieku 65 lat i więcej
012415065000,Powiat m. Dąbrowa Górnicza,2018,120,2137,Ludność w wieku 65 lat i więcej
012415065000,Powiat m. Dąbrowa Górnicza,2019,0,2137,Ludność w wieku 65 lat i więcej
012415065000,Powiat m. Dąbrowa Górnicza,2020,0,2137,Ludność w wieku 65 lat i więcej
012415065000,Powiat m. Dąbrowa Górnicza,2021,0,2137,Ludność w wieku 65 lat i więcej
012415065000,Powiat m. Dąbrowa Górnicza,2022,0,2137,Ludność w wieku 65 lat i więcej
012415065000,Powiat m. Dąbrowa Górnicza,2023,0,2137,Ludność w wieku 65 lat i więcej
012415068000,Powiat m. Jaworzno,2015,0,2137,Ludność w wieku 65 lat i więcej
012415068000,Powiat m. Jaworzno,2016,0,2137,Ludność w wieku 65 lat i więcej
012415068000,Powiat m. Jaworzno,2017,0,2137,Ludność w wieku 65 lat i więcej
012415068000,Powiat m. Jaworzno,2018,0,2137,Ludność w wieku 65 lat i więcej
012415068000,Powiat m. Jaworzno,2019,0,2137,Ludność w wieku 65 lat i więcej
012415068000,Powiat m. Jaworzno,2020,0,2137,Ludność w wieku 65 lat i więcej
012415068000,Powiat m. Jaworzno,2021,0,2137,Ludność w wieku 65 lat i więcej
012415068000,Powiat m. Jaworzno,2022,0,2137,Ludność w wieku 65 lat i więcej
012415068000,Powiat m. Jaworzno,2023,0,2137,Ludność w wieku 65 lat i więcej
012415075000,Powiat m. Sosnowiec,2015,0,2137,Ludność w wieku 65 lat i więcej
012415075000,Powiat m. Sosnowiec,2016,0,2137,Ludność w wieku 65 lat i więcej
012415075000,Powiat m. Sosnowiec,2017,0,2137,Ludność w wieku 65 lat i więcej
012415075000,Powiat m. Sosnowiec,2018,0,2137,Ludność w wieku 65 lat i więcej
012415075000,Powiat m. Sosnowiec,2019,0,2137,Ludność w wieku 65 lat i więcej
012415075000,Powiat m. Sosnowiec,2020,0,2137,Ludność w wieku 65 lat i więcej
012415075000,Powiat m. Sosnowiec,2021,0,2137,Ludność w wieku 65 lat i więcej
012415075000,Powiat m. Sosnowiec,2022,0,2137,Ludność w wieku 65 lat i więcej
012415075000,Powiat m. Sosnowiec,2023,0,2137,Ludność w wieku 65 lat i więcej
012415108000,Powiat mikołowski,2015,0,2137,Ludność w wieku 65 lat i więcej
012415108000,Powiat mikołowski,2016,0,2137,Ludność w wieku 65 lat i więcej
012415108000,Powiat mikołowski,2017,0,2137,Ludność w wieku 65 lat i więcej
012415108000,Powiat mikołowski,2018,0,2137,Ludność w wieku 65 lat i więcej
012415108000,Powiat mikołowski,2019,0,2137,Ludność w wieku 65 lat i więcej
012415108000,Powiat mikołowski,2020,0,2137,Ludność w wieku 65 lat i więcej
012415108000,Powiat mikołowski,2021,0,2137,Ludność w wieku 65 lat i więcej
012415108000,Powiat mikołowski,2022,0,2137,Ludność w wieku 65 lat i więcej
012415108000,Powiat mikołowski,2023,0,2137,Ludność w wieku 65 lat i więcej
012415110000,Powiat pszczyński,2015,0,2137,Ludność w wieku 65 lat i więcej
012415110000,Powiat pszczyński,2016,0,2137,Ludność w wieku 65 lat i więcej
012415110000,Powiat pszczyński,2017,4800,2137,Ludność w wieku 65 lat i więcej
012415110000,Powiat pszczyński,2018,0,2137,Ludność w wieku 65 lat i więcej
012415110000,Powiat pszczyński,2019,0,2137,Ludność w wieku 65 lat i więcej
012415110000,Powiat pszczyński,2020,0,2137,Ludność w wieku 65 lat i więcej
012415110000,Powiat pszczyński,2021,0,2137,Ludność w wieku 65 lat i więcej
012415110000,Powiat pszczyński,2022,0,2137,Ludność w wieku 65 lat i więcej
012415110000,Powiat pszczyński,2023,0,2137,Ludność w wieku 65 lat i więcej
012415114000,Powiat bieruńsko-lędziński,2015,0,2137,Ludność w wieku 65 lat i więcej
012415114000,Powiat bieruńsko-lędziński,2016,0,2137,Ludność w wieku 65 lat i więcej
012415114000,Powiat bieruńsko-lędziński,2017,0,2137,Ludność w wieku 65 lat i więcej
012415114000,Powiat bieruńsko-lędziński,2018,0,2137,Ludność w wieku 65 lat i więcej
012415114000,Powiat bieruńsko-lędziński,2019,0,2137,Ludność w wieku 65 lat i więcej
012415114000,Powiat bieruńsko-lędziński,2020,0,2137,Ludność w wieku 65 lat i więcej
012415114000,Powiat bieruńsko-lędziński,2021,0,2137,Ludność w wieku 65 lat i więcej
012415114000,Powiat bieruńsko-lędziński,2022,0,2137,Ludność w wieku 65 lat i więcej
012415114000,Powiat bieruńsko-lędziński,2023,0,2137,Ludność w wieku 65 lat i więcej
012415177000,Powiat m. Tychy,2015,0,2137,Ludność w wieku 65 lat i więcej
012415177000,Powiat m. Tychy,2016,3840,2137,Ludność w wieku 65 lat i więcej
012415177000,Powiat m. Tychy,2017,0,2137,Ludność w wieku 65 lat i więcej
012415177000,Powiat m. Tychy,2018,0,2137,Ludność w wieku 65 lat i więcej
012415177000,Powiat m. Tychy,2019,0,2137,Ludność w wieku 65 lat i więcej
012415177000,Powiat m. Tychy,2020,0,2137,Ludność w wieku 65 lat i więcej
012415177000,Powiat m. Tychy,2021,0,2137,Ludność w wieku 65 lat i więcej
012415177000,Powiat m. Tychy,2022,0,2137,Ludność w wieku 65 lat i więcej
012415177000,Powiat m. Tychy,2023,0,2137,Ludność w wieku 65 lat i więcej
020811301000,Powiat gorzowski,2015,0,2137,Ludność w wieku 65 lat i więcej
020811301000,Powiat gorzowski,2016,0,2137,Ludność w wieku 65 lat i więcej
020811301000,Powiat gorzowski,2017,0,2137,Ludność w wieku 65 lat i więcej
020811301000,Powiat gorzowski,2018,130,2137,Ludność w wieku 65 lat i więcej
020811301000,Powiat gorzowski,2019,0,2137,Ludność w wieku 65 lat i więcej
020811301000,Powiat gorzowski,2020,0,2137,Ludność w wieku 65 lat i więcej
020811301000,Powiat gorzowski,2021,360,2137,Ludność w wieku 65 lat i więcej
020811301000,Powiat gorzowski,2022,0,2137,Ludność w wieku 65 lat i więcej
020811301000,Powiat gorzowski,2023,0,2137,Ludność w wieku 65 lat i więcej
020811303000,Powiat międzyrzecki,2015,0,2137,Ludność w wieku 65 lat i więcej
020811303000,Powiat międzyrzecki,2016,0,2137,Ludność w wieku 65 lat i więcej
020811303000,Powiat międzyrzecki,2017,0,2137,Ludność w wieku 65 lat i więcej
020811303000,Powiat międzyrzecki,2018,120,2137,Ludność w wieku 65 lat i więcej
020811303000,Powiat międzyrzecki,2019,0,2137,Ludność w wieku 65 lat i więcej
020811303000,Powiat międzyrzecki,2020,0,2137,Ludność w wieku 65 lat i więcej
020811303000,Powiat międzyrzecki,2021,0,2137,Ludność w wieku 65 lat i więcej
020811303000,Powiat międzyrzecki,2022,0,2137,Ludność w wieku 65 lat i więcej
020811303000,Powiat międzyrzecki,2023,0,2137,Ludność w wieku 65 lat i więcej
020811305000,Powiat słubicki,2015,36,2137,Ludność w wieku 65 lat i więcej
020811305000,Powiat słubicki,2016,0,2137,Ludność w wieku 65 lat i więcej
020811305000,Powiat słubicki,2017,0,2137,Ludność w wieku 65 lat i więcej
020811305000,Powiat słubicki,2018,0,2137,Ludność w wieku 65 lat i więcej
020811305000,Powiat słubicki,2019,0,2137,Ludność w wieku 65 lat i więcej
020811305000,Powiat słubicki,2020,0,2137,Ludność w wieku 65 lat i więcej
020811305000,Powiat słubicki,2021,0,2137,Ludność w wieku 65 lat i więcej
020811305000,Powiat słubicki,2022,0,2137,Ludność w wieku 65 lat i więcej
020811305000,Powiat słubicki,2023,1540,2137,Ludność w wieku 65 lat i więcej
020811306000,Powiat strzelecko-drezdenecki,2015,0,2137,Ludność w wieku 65 lat i więcej
020811306000,Powiat strzelecko-drezdenecki,2016,0,2137,Ludność w wieku 65 lat i więcej
020811306000,Powiat strzelecko-drezdenecki,2017,0,2137,Ludność w wieku 65 lat i więcej
020811306000,Powiat strzelecko-drezdenecki,2018,219,2137,Ludność w wieku 65 lat i więcej
020811306000,Powiat strzelecko-drezdenecki,2019,0,2137,Ludność w wieku 65 lat i więcej
020811306000,Powiat strzelecko-drezdenecki,2020,0,2137,Ludność w wieku 65 lat i więcej
020811306000,Powiat strzelecko-drezdenecki,2021,40,2137,Ludność w wieku 65 lat i więcej
020811306000,Powiat strzelecko-drezdenecki,2022,0,2137,Ludność w wieku 65 lat i więcej
020811306000,Powiat strzelecko-drezdenecki,2023,0,2137,Ludność w wieku 65 lat i więcej
020811307000,Powiat sulęciński,2015,24,2137,Ludność w wieku 65 lat i więcej
020811307000,Powiat sulęciński,2016,0,2137,Ludność w wieku 65 lat i więcej
020811307000,Powiat sulęciński,2017,0,2137,Ludność w wieku 65 lat i więcej
020811307000,Powiat sulęciński,2018,0,2137,Ludność w wieku 65 lat i więcej
020811307000,Powiat sulęciński,2019,1440,2137,Ludność w wieku 65 lat i więcej
020811307000,Powiat sulęciński,2020,0,2137,Ludność w wieku 65 lat i więcej
020811307000,Powiat sulęciński,2021,2500,2137,Ludność w wieku 65 lat i więcej
020811307000,Powiat sulęciński,2022,0,2137,Ludność w wieku 65 lat i więcej
020811307000,Powiat sulęciński,2023,0,2137,Ludność w wieku 65 lat i więcej
020811361000,Powiat m. Gorzów Wielkopolski,2015,0,2137,Ludność w wieku 65 lat i więcej
020811361000,Powiat m. Gorzów Wielkopolski,2016,0,2137,Ludność w wieku 65 lat i więcej
020811361000,Powiat m. Gorzów Wielkopolski,2017,0,2137,Ludność w wieku 65 lat i więcej
020811361000,Powiat m. Gorzów Wielkopolski,2018,0,2137,Ludność w wieku 65 lat i więcej
020811361000,Powiat m. Gorzów Wielkopolski,2019,0,2137,Ludność w wieku 65 lat i więcej
020811361000,Powiat m. Gorzów Wielkopolski,2020,0,2137,Ludność w wieku 65 lat i więcej
020811361000,Powiat m. Gorzów Wielkopolski,2021,0,2137,Ludność w wieku 65 lat i więcej
020811361000,Powiat m. Gorzów Wielkopolski,2022,0,2137,Ludność w wieku 65 lat i więcej
020811361000,Powiat m. Gorzów Wielkopolski,2023,0,2137,Ludność w wieku 65 lat i więcej
020811402000,Powiat krośnieński,2015,1400,2137,Ludność w wieku 65 lat i więcej
020811402000,Powiat krośnieński,2016,0,2137,Ludność w wieku 65 lat i więcej
020811402000,Powiat krośnieński,2017,0,2137,Ludność w wieku 65 lat i więcej
020811402000,Powiat krośnieński,2018,0,2137,Ludność w wieku 65 lat i więcej
020811402000,Powiat krośnieński,2019,0,2137,Ludność w wieku 65 lat i więcej
020811402000,Powiat krośnieński,2020,0,2137,Ludność w wieku 65 lat i więcej
020811402000,Powiat krośnieński,2021,0,2137,Ludność w wieku 65 lat i więcej
020811402000,Powiat krośnieński,2022,200,2137,Ludność w wieku 65 lat i więcej
020811402000,Powiat krośnieński,2023,528,2137,Ludność w wieku 65 lat i więcej
020811404000,Powiat nowosolski,2015,0,2137,Ludność w wieku 65 lat i więcej
020811404000,Powiat nowosolski,2016,0,2137,Ludność w wieku 65 lat i więcej
020811404000,Powiat nowosolski,2017,0,2137,Ludność w wieku 65 lat i więcej
020811404000,Powiat nowosolski,2018,0,2137,Ludność w wieku 65 lat i więcej
020811404000,Powiat nowosolski,2019,19,2137,Ludność w wieku 65 lat i więcej
020811404000,Powiat nowosolski,2020,0,2137,Ludność w wieku 65 lat i więcej
020811404000,Powiat nowosolski,2021,0,2137,Ludność w wieku 65 lat i więcej
020811404000,Powiat nowosolski,2022,0,2137,Ludność w wieku 65 lat i więcej
020811404000,Powiat nowosolski,2023,600,2137,Ludność w wieku 65 lat i więcej
020811408000,Powiat świebodziński,2015,0,2137,Ludność w wieku 65 lat i więcej
020811408000,Powiat świebodziński,2016,0,2137,Ludność w wieku 65 lat i więcej
020811408000,Powiat świebodziński,2017,0,2137,Ludność w wieku 65 lat i więcej
020811408000,Powiat świebodziński,2018,0,2137,Ludność w wieku 65 lat i więcej
020811408000,Powiat świebodziński,2019,0,2137,Ludność w wieku 65 lat i więcej
020811408000,Powiat świebodziński,2020,0,2137,Ludność w wieku 65 lat i więcej
020811408000,Powiat świebodziński,2021,0,2137,Ludność w wieku 65 lat i więcej
020811408000,Powiat świebodziński,2022,1960,2137,Ludność w wieku 65 lat i więcej
020811408000,Powiat świebodziński,2023,0,2137,Ludność w wieku 65 lat i więcej
020811409000,Powiat zielonogórski,2015,550,2137,Ludność w wieku 65 lat i więcej
020811409000,Powiat zielonogórski,2016,0,2137,Ludność w wieku 65 lat i więcej
020811409000,Powiat zielonogórski,2017,780,2137,Ludność w wieku 65 lat i więcej
020811409000,Powiat zielonogórski,2018,30,2137,Ludność w wieku 65 lat i więcej
020811409000,Powiat zielonogórski,2019,360,2137,Ludność w wieku 65 lat i więcej
020811409000,Powiat zielonogórski,2020,0,2137,Ludność w wieku 65 lat i więcej
020811409000,Powiat zielonogórski,2021,1846,2137,Ludność w wieku 65 lat i więcej
020811409000,Powiat zielonogórski,2022,0,2137,Ludność w wieku 65 lat i więcej
020811409000,Powiat zielonogórski,2023,50,2137,Ludność w wieku 65 lat i więcej
020811410000,Powiat żagański,2015,4029,2137,Ludność w wieku 65 lat i więcej
020811410000,Powiat żagański,2016,0,2137,Ludność w wieku 65 lat i więcej
020811410000,Powiat żagański,2017,0,2137,Ludność w wieku 65 lat i więcej
020811410000,Powiat żagański,2018,0,2137,Ludność w wieku 65 lat i więcej
020811410000,Powiat żagański,2019,0,2137,Ludność w wieku 65 lat i więcej
020811410000,Powiat żagański,2020,0,2137,Ludność w wieku 65 lat i więcej
020811410000,Powiat żagański,2021,0,2137,Ludność w wieku 65 lat i więcej
020811410000,Powiat żagański,2022,0,2137,Ludność w wieku 65 lat i więcej
020811410000,Powiat żagański,2023,0,2137,Ludność w wieku 65 lat i więcej
020811411000,Powiat żarski,2015,0,2137,Ludność w wieku 65 lat i więcej
020811411000,Powiat żarski,2016,0,2137,Ludność w wieku 65 lat i więcej
020811411000,Powiat żarski,2017,10,2137,Ludność w wieku 65 lat i więcej
020811411000,Powiat żarski,2018,120,2137,Ludność w wieku 65 lat i więcej
020811411000,Powiat żarski,2019,0,2137,Ludność w wieku 65 lat i więcej
020811411000,Powiat żarski,2020,0,2137,Ludność w wieku 65 lat i więcej
020811411000,Powiat żarski,2021,0,2137,Ludność w wieku 65 lat i więcej
020811411000,Powiat żarski,2022,895,2137,Ludność w wieku 65 lat i więcej
020811411000,Powiat żarski,2023,0,2137,Ludność w wieku 65 lat i więcej
020811412000,Powiat wschowski,2015,0,2137,Ludność w wieku 65 lat i więcej
020811412000,Powiat wschowski,2016,0,2137,Ludność w wieku 65 lat i więcej
020811412000,Powiat wschowski,2017,0,2137,Ludność w wieku 65 lat i więcej
020811412000,Powiat wschowski,2018,221,2137,Ludność w wieku 65 lat i więcej
020811412000,Powiat wschowski,2019,0,2137,Ludność w wieku 65 lat i więcej
020811412000,Powiat wschowski,2020,0,2137,Ludność w wieku 65 lat i więcej
020811412000,Powiat wschowski,2021,0,2137,Ludność w wieku 65 lat i więcej
020811412000,Powiat wschowski,2022,0,2137,Ludność w wieku 65 lat i więcej
020811412000,Powiat wschowski,2023,0,2137,Ludność w wieku 65 lat i więcej
020811462000,Powiat m. Zielona Góra,2015,0,2137,Ludność w wieku 65 lat i więcej
020811462000,Powiat m. Zielona Góra,2016,0,2137,Ludność w wieku 65 lat i więcej
020811462000,Powiat m. Zielona Góra,2017,0,2137,Ludność w wieku 65 lat i więcej
020811462000,Powiat m. Zielona Góra,2018,0,2137,Ludność w wieku 65 lat i więcej
020811462000,Powiat m. Zielona Góra,2019,0,2137,Ludność w wieku 65 lat i więcej
020811462000,Powiat m. Zielona Góra,2020,0,2137,Ludność w wieku 65 lat i więcej
020811462000,Powiat m. Zielona Góra,2021,6,2137,Ludność w wieku 65 lat i więcej
020811462000,Powiat m. Zielona Góra,2022,0,2137,Ludność w wieku 65 lat i więcej
020811462000,Powiat m. Zielona Góra,2023,0,2137,Ludność w wieku 65 lat i więcej
023015706000,Powiat jarociński,2015,1152,2137,Ludność w wieku 65 lat i więcej
023015706000,Powiat jarociński,2016,720,2137,Ludność w wieku 65 lat i więcej
023015706000,Powiat jarociński,2017,1320,2137,Ludność w wieku 65 lat i więcej
023015706000,Powiat jarociński,2018,0,2137,Ludność w wieku 65 lat i więcej
023015706000,Powiat jarociński,2019,0,2137,Ludność w wieku 65 lat i więcej
023015706000,Powiat jarociński,2020,49,2137,Ludność w wieku 65 lat i więcej
023015706000,Powiat jarociński,2021,0,2137,Ludność w wieku 65 lat i więcej
023015706000,Powiat jarociński,2022,0,2137,Ludność w wieku 65 lat i więcej
023015706000,Powiat jarociński,2023,2160,2137,Ludność w wieku 65 lat i więcej
023015707000,Powiat kaliski,2015,1374,2137,Ludność w wieku 65 lat i więcej
023015707000,Powiat kaliski,2016,0,2137,Ludność w wieku 65 lat i więcej
023015707000,Powiat kaliski,2017,833,2137,Ludność w wieku 65 lat i więcej
023015707000,Powiat kaliski,2018,0,2137,Ludność w wieku 65 lat i więcej
023015707000,Powiat kaliski,2019,0,2137,Ludność w wieku 65 lat i więcej
023015707000,Powiat kaliski,2020,0,2137,Ludność w wieku 65 lat i więcej
023015707000,Powiat kaliski,2021,240,2137,Ludność w wieku 65 lat i więcej
023015707000,Powiat kaliski,2022,486,2137,Ludność w wieku 65 lat i więcej
023015707000,Powiat kaliski,2023,0,2137,Ludność w wieku 65 lat i więcej
023015708000,Powiat kępiński,2015,0,2137,Ludność w wieku 65 lat i więcej
023015708000,Powiat kępiński,2016,0,2137,Ludność w wieku 65 lat i więcej
023015708000,Powiat kępiński,2017,0,2137,Ludność w wieku 65 lat i więcej
023015708000,Powiat kępiński,2018,0,2137,Ludność w wieku 65 lat i więcej
023015708000,Powiat kępiński,2019,0,2137,Ludność w wieku 65 lat i więcej
023015708000,Powiat kępiński,2020,0,2137,Ludność w wieku 65 lat i więcej
023015708000,Powiat kępiński,2021,0,2137,Ludność w wieku 65 lat i więcej
023015708000,Powiat kępiński,2022,0,2137,Ludność w wieku 65 lat i więcej
023015708000,Powiat kępiński,2023,0,2137,Ludność w wieku 65 lat i więcej
023015712000,Powiat krotoszyński,2015,0,2137,Ludność w wieku 65 lat i więcej
023015712000,Powiat krotoszyński,2016,0,2137,Ludność w wieku 65 lat i więcej
023015712000,Powiat krotoszyński,2017,0,2137,Ludność w wieku 65 lat i więcej
023015712000,Powiat krotoszyński,2018,0,2137,Ludność w wieku 65 lat i więcej
023015712000,Powiat krotoszyński,2019,0,2137,Ludność w wieku 65 lat i więcej
023015712000,Powiat krotoszyński,2020,0,2137,Ludność w wieku 65 lat i więcej
023015712000,Powiat krotoszyński,2021,0,2137,Ludność w wieku 65 lat i więcej
023015712000,Powiat krotoszyński,2022,0,2137,Ludność w wieku 65 lat i więcej
023015712000,Powiat krotoszyński,2023,0,2137,Ludność w wieku 65 lat i więcej
023015717000,Powiat ostrowski,2015,0,2137,Ludność w wieku 65 lat i więcej
023015717000,Powiat ostrowski,2016,0,2137,Ludność w wieku 65 lat i więcej
023015717000,Powiat ostrowski,2017,0,2137,Ludność w wieku 65 lat i więcej
023015717000,Powiat ostrowski,2018,0,2137,Ludność w wieku 65 lat i więcej
023015717000,Powiat ostrowski,2019,0,2137,Ludność w wieku 65 lat i więcej
023015717000,Powiat ostrowski,2020,0,2137,Ludność w wieku 65 lat i więcej
023015717000,Powiat ostrowski,2021,0,2137,Ludność w wieku 65 lat i więcej
023015717000,Powiat ostrowski,2022,0,2137,Ludność w wieku 65 lat i więcej
023015717000,Powiat ostrowski,2023,0,2137,Ludność w wieku 65 lat i więcej
023015718000,Powiat ostrzeszowski,2015,0,2137,Ludność w wieku 65 lat i więcej
023015718000,Powiat ostrzeszowski,2016,0,2137,Ludność w wieku 65 lat i więcej
023015718000,Powiat ostrzeszowski,2017,0,2137,Ludność w wieku 65 lat i więcej
023015718000,Powiat ostrzeszowski,2018,0,2137,Ludność w wieku 65 lat i więcej
023015718000,Powiat ostrzeszowski,2019,0,2137,Ludność w wieku 65 lat i więcej
023015718000,Powiat ostrzeszowski,2020,0,2137,Ludność w wieku 65 lat i więcej
023015718000,Powiat ostrzeszowski,2021,0,2137,Ludność w wieku 65 lat i więcej
023015718000,Powiat ostrzeszowski,2022,1320,2137,Ludność w wieku 65 lat i więcej
023015718000,Powiat ostrzeszowski,2023,0,2137,Ludność w wieku 65 lat i więcej
023015720000,Powiat pleszewski,2015,0,2137,Ludność w wieku 65 lat i więcej
023015720000,Powiat pleszewski,2016,0,2137,Ludność w wieku 65 lat i więcej
023015720000,Powiat pleszewski,2017,0,2137,Ludność w wieku 65 lat i więcej
023015720000,Powiat pleszewski,2018,0,2137,Ludność w wieku 65 lat i więcej
023015720000,Powiat pleszewski,2019,0,2137,Ludność w wieku 65 lat i więcej
023015720000,Powiat pleszewski,2020,0,2137,Ludność w wieku 65 lat i więcej
023015720000,Powiat pleszewski,2021,0,2137,Ludność w wieku 65 lat i więcej
023015720000,Powiat pleszewski,2022,0,2137,Ludność w wieku 65 lat i więcej
023015720000,Powiat pleszewski,2023,0,2137,Ludność w wieku 65 lat i więcej
023015761000,Powiat m. Kalisz,2015,0,2137,Ludność w wieku 65 lat i więcej
023015761000,Powiat m. Kalisz,2016,0,2137,Ludność w wieku 65 lat i więcej
023015761000,Powiat m. Kalisz,2017,0,2137,Ludność w wieku 65 lat i więcej
023015761000,Powiat m. Kalisz,2018,0,2137,Ludność w wieku 65 lat i więcej
023015761000,Powiat m. Kalisz,2019,0,2137,Ludność w wieku 65 lat i więcej
023015761000,Powiat m. Kalisz,2020,0,2137,Ludność w wieku 65 lat i więcej
023015761000,Powiat m. Kalisz,2021,0,2137,Ludność w wieku 65 lat i więcej
023015761000,Powiat m. Kalisz,2022,0,2137,Ludność w wieku 65 lat i więcej
023015761000,Powiat m. Kalisz,2023,0,2137,Ludność w wieku 65 lat i więcej
023015803000,Powiat gnieźnieński,2015,0,2137,Ludność w wieku 65 lat i więcej
023015803000,Powiat gnieźnieński,2016,0,2137,Ludność w wieku 65 lat i więcej
023015803000,Powiat gnieźnieński,2017,0,2137,Ludność w wieku 65 lat i więcej
023015803000,Powiat gnieźnieński,2018,960,2137,Ludność w wieku 65 lat i więcej
023015803000,Powiat gnieźnieński,2019,0,2137,Ludność w wieku 65 lat i więcej
023015803000,Powiat gnieźnieński,2020,33,2137,Ludność w wieku 65 lat i więcej
023015803000,Powiat gnieźnieński,2021,0,2137,Ludność w wieku 65 lat i więcej
023015803000,Powiat gnieźnieński,2022,0,2137,Ludność w wieku 65 lat i więcej
023015803000,Powiat gnieźnieński,2023,0,2137,Ludność w wieku 65 lat i więcej
023015809000,Powiat kolski,2015,0,2137,Ludność w wieku 65 lat i więcej
023015809000,Powiat kolski,2016,0,2137,Ludność w wieku 65 lat i więcej
023015809000,Powiat kolski,2017,500,2137,Ludność w wieku 65 lat i więcej
023015809000,Powiat kolski,2018,0,2137,Ludność w wieku 65 lat i więcej
023015809000,Powiat kolski,2019,4240,2137,Ludność w wieku 65 lat i więcej
023015809000,Powiat kolski,2020,0,2137,Ludność w wieku 65 lat i więcej
023015809000,Powiat kolski,2021,0,2137,Ludność w wieku 65 lat i więcej
023015809000,Powiat kolski,2022,0,2137,Ludność w wieku 65 lat i więcej
023015809000,Powiat kolski,2023,1003,2137,Ludność w wieku 65 lat i więcej
023015810000,Powiat koniński,2015,1200,2137,Ludność w wieku 65 lat i więcej
023015810000,Powiat koniński,2016,0,2137,Ludność w wieku 65 lat i więcej
023015810000,Powiat koniński,2017,0,2137,Ludność w wieku 65 lat i więcej
023015810000,Powiat koniński,2018,1097,2137,Ludność w wieku 65 lat i więcej
023015810000,Powiat koniński,2019,0,2137,Ludność w wieku 65 lat i więcej
023015810000,Powiat koniński,2020,1512,2137,Ludność w wieku 65 lat i więcej
023015810000,Powiat koniński,2021,458,2137,Ludność w wieku 65 lat i więcej
023015810000,Powiat koniński,2022,696,2137,Ludność w wieku 65 lat i więcej
023015810000,Powiat koniński,2023,1111,2137,Ludność w wieku 65 lat i więcej
023015823000,Powiat słupecki,2015,0,2137,Ludność w wieku 65 lat i więcej
023015823000,Powiat słupecki,2016,0,2137,Ludność w wieku 65 lat i więcej
023015823000,Powiat słupecki,2017,0,2137,Ludność w wieku 65 lat i więcej
023015823000,Powiat słupecki,2018,0,2137,Ludność w wieku 65 lat i więcej
023015823000,Powiat słupecki,2019,0,2137,Ludność w wieku 65 lat i więcej
023015823000,Powiat słupecki,2020,0,2137,Ludność w wieku 65 lat i więcej
023015823000,Powiat słupecki,2021,339,2137,Ludność w wieku 65 lat i więcej
023015823000,Powiat słupecki,2022,0,2137,Ludność w wieku 65 lat i więcej
023015823000,Powiat słupecki,2023,0,2137,Ludność w wieku 65 lat i więcej
023015827000,Powiat turecki,2015,200,2137,Ludność w wieku 65 lat i więcej
023015827000,Powiat turecki,2016,0,2137,Ludność w wieku 65 lat i więcej
023015827000,Powiat turecki,2017,280,2137,Ludność w wieku 65 lat i więcej
023015827000,Powiat turecki,2018,0,2137,Ludność w wieku 65 lat i więcej
023015827000,Powiat turecki,2019,335,2137,Ludność w wieku 65 lat i więcej
023015827000,Powiat turecki,2020,0,2137,Ludność w wieku 65 lat i więcej
023015827000,Powiat turecki,2021,0,2137,Ludność w wieku 65 lat i więcej
023015827000,Powiat turecki,2022,0,2137,Ludność w wieku 65 lat i więcej
023015827000,Powiat turecki,2023,0,2137,Ludność w wieku 65 lat i więcej
023015830000,Powiat wrzesiński,2015,0,2137,Ludność w wieku 65 lat i więcej
023015830000,Powiat wrzesiński,2016,0,2137,Ludność w wieku 65 lat i więcej
023015830000,Powiat wrzesiński,2017,0,2137,Ludność w wieku 65 lat i więcej
023015830000,Powiat wrzesiński,2018,0,2137,Ludność w wieku 65 lat i więcej
023015830000,Powiat wrzesiński,2019,45,2137,Ludność w wieku 65 lat i więcej
023015830000,Powiat wrzesiński,2020,0,2137,Ludność w wieku 65 lat i więcej
023015830000,Powiat wrzesiński,2021,0,2137,Ludność w wieku 65 lat i więcej
023015830000,Powiat wrzesiński,2022,0,2137,Ludność w wieku 65 lat i więcej
023015830000,Powiat wrzesiński,2023,13,2137,Ludność w wieku 65 lat i więcej
023015862000,Powiat m. Konin,2015,0,2137,Ludność w wieku 65 lat i więcej
023015862000,Powiat m. Konin,2016,0,2137,Ludność w wieku 65 lat i więcej
023015862000,Powiat m. Konin,2017,0,2137,Ludność w wieku 65 lat i więcej
023015862000,Powiat m. Konin,2018,0,2137,Ludność w wieku 65 lat i więcej
023015862000,Powiat m. Konin,2019,0,2137,Ludność w wieku 65 lat i więcej
023015862000,Powiat m. Konin,2020,0,2137,Ludność w wieku 65 lat i więcej
023015862000,Powiat m. Konin,2021,0,2137,Ludność w wieku 65 lat i więcej
023015862000,Powiat m. Konin,2022,0,2137,Ludność w wieku 65 lat i więcej
023015862000,Powiat m. Konin,2023,0,2137,Ludność w wieku 65 lat i więcej
023015904000,Powiat gostyński,2015,0,2137,Ludność w wieku 65 lat i więcej
023015904000,Powiat gostyński,2016,0,2137,Ludność w wieku 65 lat i więcej
023015904000,Powiat gostyński,2017,0,2137,Ludność w wieku 65 lat i więcej
023015904000,Powiat gostyński,2018,2000,2137,Ludność w wieku 65 lat i więcej
023015904000,Powiat gostyński,2019,0,2137,Ludność w wieku 65 lat i więcej
023015904000,Powiat gostyński,2020,0,2137,Ludność w wieku 65 lat i więcej
023015904000,Powiat gostyński,2021,0,2137,Ludność w wieku 65 lat i więcej
023015904000,Powiat gostyński,2022,0,2137,Ludność w wieku 65 lat i więcej
023015904000,Powiat gostyński,2023,0,2137,Ludność w wieku 65 lat i więcej
023015905000,Powiat grodziski,2015,0,2137,Ludność w wieku 65 lat i więcej
023015905000,Powiat grodziski,2016,0,2137,Ludność w wieku 65 lat i więcej
023015905000,Powiat grodziski,2017,0,2137,Ludność w wieku 65 lat i więcej
023015905000,Powiat grodziski,2018,0,2137,Ludność w wieku 65 lat i więcej
023015905000,Powiat grodziski,2019,0,2137,Ludność w wieku 65 lat i więcej
023015905000,Powiat grodziski,2020,0,2137,Ludność w wieku 65 lat i więcej
023015905000,Powiat grodziski,2021,0,2137,Ludność w wieku 65 lat i więcej
023015905000,Powiat grodziski,2022,2,2137,Ludność w wieku 65 lat i więcej
023015905000,Powiat grodziski,2023,0,2137,Ludność w wieku 65 lat i więcej
023015911000,Powiat kościański,2015,0,2137,Ludność w wieku 65 lat i więcej
023015911000,Powiat kościański,2016,0,2137,Ludność w wieku 65 lat i więcej
023015911000,Powiat kościański,2017,0,2137,Ludność w wieku 65 lat i więcej
023015911000,Powiat kościański,2018,585,2137,Ludność w wieku 65 lat i więcej
023015911000,Powiat kościański,2019,0,2137,Ludność w wieku 65 lat i więcej
023015911000,Powiat kościański,2020,0,2137,Ludność w wieku 65 lat i więcej
023015911000,Powiat kościański,2021,0,2137,Ludność w wieku 65 lat i więcej
023015911000,Powiat kościański,2022,2880,2137,Ludność w wieku 65 lat i więcej
023015911000,Powiat kościański,2023,0,2137,Ludność w wieku 65 lat i więcej
023015913000,Powiat leszczyński,2015,960,2137,Ludność w wieku 65 lat i więcej
023015913000,Powiat leszczyński,2016,0,2137,Ludność w wieku 65 lat i więcej
023015913000,Powiat leszczyński,2017,0,2137,Ludność w wieku 65 lat i więcej
023015913000,Powiat leszczyński,2018,0,2137,Ludność w wieku 65 lat i więcej
023015913000,Powiat leszczyński,2019,0,2137,Ludność w wieku 65 lat i więcej
023015913000,Powiat leszczyński,2020,0,2137,Ludność w wieku 65 lat i więcej
023015913000,Powiat leszczyński,2021,0,2137,Ludność w wieku 65 lat i więcej
023015913000,Powiat leszczyński,2022,0,2137,Ludność w wieku 65 lat i więcej
023015913000,Powiat leszczyński,2023,0,2137,Ludność w wieku 65 lat i więcej
023015914000,Powiat międzychodzki,2015,0,2137,Ludność w wieku 65 lat i więcej
023015914000,Powiat międzychodzki,2016,0,2137,Ludność w wieku 65 lat i więcej
023015914000,Powiat międzychodzki,2017,0,2137,Ludność w wieku 65 lat i więcej
023015914000,Powiat międzychodzki,2018,0,2137,Ludność w wieku 65 lat i więcej
023015914000,Powiat międzychodzki,2019,0,2137,Ludność w wieku 65 lat i więcej
023015914000,Powiat międzychodzki,2020,0,2137,Ludność w wieku 65 lat i więcej
023015914000,Powiat międzychodzki,2021,0,2137,Ludność w wieku 65 lat i więcej
023015914000,Powiat międzychodzki,2022,0,2137,Ludność w wieku 65 lat i więcej
023015914000,Powiat międzychodzki,2023,2769,2137,Ludność w wieku 65 lat i więcej
023015915000,Powiat nowotomyski,2015,0,2137,Ludność w wieku 65 lat i więcej
023015915000,Powiat nowotomyski,2016,280,2137,Ludność w wieku 65 lat i więcej
023015915000,Powiat nowotomyski,2017,0,2137,Ludność w wieku 65 lat i więcej
023015915000,Powiat nowotomyski,2018,0,2137,Ludność w wieku 65 lat i więcej
023015915000,Powiat nowotomyski,2019,0,2137,Ludność w wieku 65 lat i więcej
023015915000,Powiat nowotomyski,2020,0,2137,Ludność w wieku 65 lat i więcej
023015915000,Powiat nowotomyski,2021,15,2137,Ludność w wieku 65 lat i więcej
023015915000,Powiat nowotomyski,2022,0,2137,Ludność w wieku 65 lat i więcej
023015915000,Powiat nowotomyski,2023,1200,2137,Ludność w wieku 65 lat i więcej
023015922000,Powiat rawicki,2015,0,2137,Ludność w wieku 65 lat i więcej
023015922000,Powiat rawicki,2016,0,2137,Ludność w wieku 65 lat i więcej
023015922000,Powiat rawicki,2017,0,2137,Ludność w wieku 65 lat i więcej
023015922000,Powiat rawicki,2018,0,2137,Ludność w wieku 65 lat i więcej
023015922000,Powiat rawicki,2019,0,2137,Ludność w wieku 65 lat i więcej
023015922000,Powiat rawicki,2020,0,2137,Ludność w wieku 65 lat i więcej
023015922000,Powiat rawicki,2021,0,2137,Ludność w wieku 65 lat i więcej
023015922000,Powiat rawicki,2022,0,2137,Ludność w wieku 65 lat i więcej
023015922000,Powiat rawicki,2023,50,2137,Ludność w wieku 65 lat i więcej
023015929000,Powiat wolsztyński,2015,0,2137,Ludność w wieku 65 lat i więcej
023015929000,Powiat wolsztyński,2016,0,2137,Ludność w wieku 65 lat i więcej
023015929000,Powiat wolsztyński,2017,0,2137,Ludność w wieku 65 lat i więcej
023015929000,Powiat wolsztyński,2018,0,2137,Ludność w wieku 65 lat i więcej
023015929000,Powiat wolsztyński,2019,0,2137,Ludność w wieku 65 lat i więcej
023015929000,Powiat wolsztyński,2020,0,2137,Ludność w wieku 65 lat i więcej
023015929000,Powiat wolsztyński,2021,0,2137,Ludność w wieku 65 lat i więcej
023015929000,Powiat wolsztyński,2022,0,2137,Ludność w wieku 65 lat i więcej
023015929000,Powiat wolsztyński,2023,0,2137,Ludność w wieku 65 lat i więcej
023015963000,Powiat m. Leszno,2015,0,2137,Ludność w wieku 65 lat i więcej
023015963000,Powiat m. Leszno,2016,0,2137,Ludność w wieku 65 lat i więcej
023015963000,Powiat m. Leszno,2017,0,2137,Ludność w wieku 65 lat i więcej
023015963000,Powiat m. Leszno,2018,0,2137,Ludność w wieku 65 lat i więcej
023015963000,Powiat m. Leszno,2019,0,2137,Ludność w wieku 65 lat i więcej
023015963000,Powiat m. Leszno,2020,0,2137,Ludność w wieku 65 lat i więcej
023015963000,Powiat m. Leszno,2021,0,2137,Ludność w wieku 65 lat i więcej
023015963000,Powiat m. Leszno,2022,0,2137,Ludność w wieku 65 lat i więcej
023015963000,Powiat m. Leszno,2023,0,2137,Ludność w wieku 65 lat i więcej
023016001000,Powiat chodzieski,2015,271,2137,Ludność w wieku 65 lat i więcej
023016001000,Powiat chodzieski,2016,0,2137,Ludność w wieku 65 lat i więcej
023016001000,Powiat chodzieski,2017,0,2137,Ludność w wieku 65 lat i więcej
023016001000,Powiat chodzieski,2018,0,2137,Ludność w wieku 65 lat i więcej
023016001000,Powiat chodzieski,2019,0,2137,Ludność w wieku 65 lat i więcej
023016001000,Powiat chodzieski,2020,0,2137,Ludność w wieku 65 lat i więcej
023016001000,Powiat chodzieski,2021,0,2137,Ludność w wieku 65 lat i więcej
023016001000,Powiat chodzieski,2022,0,2137,Ludność w wieku 65 lat i więcej
023016001000,Powiat chodzieski,2023,0,2137,Ludność w wieku 65 lat i więcej
023016002000,Powiat czarnkowsko-trzcianecki,2015,0,2137,Ludność w wieku 65 lat i więcej
023016002000,Powiat czarnkowsko-trzcianecki,2016,0,2137,Ludność w wieku 65 lat i więcej
023016002000,Powiat czarnkowsko-trzcianecki,2017,0,2137,Ludność w wieku 65 lat i więcej
023016002000,Powiat czarnkowsko-trzcianecki,2018,467,2137,Ludność w wieku 65 lat i więcej
023016002000,Powiat czarnkowsko-trzcianecki,2019,0,2137,Ludność w wieku 65 lat i więcej
023016002000,Powiat czarnkowsko-trzcianecki,2020,195,2137,Ludność w wieku 65 lat i więcej
023016002000,Powiat czarnkowsko-trzcianecki,2021,0,2137,Ludność w wieku 65 lat i więcej
023016002000,Powiat czarnkowsko-trzcianecki,2022,0,2137,Ludność w wieku 65 lat i więcej
023016002000,Powiat czarnkowsko-trzcianecki,2023,0,2137,Ludność w wieku 65 lat i więcej
023016019000,Powiat pilski,2015,0,2137,Ludność w wieku 65 lat i więcej
023016019000,Powiat pilski,2016,960,2137,Ludność w wieku 65 lat i więcej
023016019000,Powiat pilski,2017,0,2137,Ludność w wieku 65 lat i więcej
023016019000,Powiat pilski,2018,0,2137,Ludność w wieku 65 lat i więcej
023016019000,Powiat pilski,2019,0,2137,Ludność w wieku 65 lat i więcej
023016019000,Powiat pilski,2020,0,2137,Ludność w wieku 65 lat i więcej
023016019000,Powiat pilski,2021,0,2137,Ludność w wieku 65 lat i więcej
023016019000,Powiat pilski,2022,0,2137,Ludność w wieku 65 lat i więcej
023016019000,Powiat pilski,2023,570,2137,Ludność w wieku 65 lat i więcej
023016028000,Powiat wągrowiecki,2015,0,2137,Ludność w wieku 65 lat i więcej
023016028000,Powiat wągrowiecki,2016,0,2137,Ludność w wieku 65 lat i więcej
023016028000,Powiat wągrowiecki,2017,0,2137,Ludność w wieku 65 lat i więcej
023016028000,Powiat wągrowiecki,2018,0,2137,Ludność w wieku 65 lat i więcej
023016028000,Powiat wągrowiecki,2019,0,2137,Ludność w wieku 65 lat i więcej
023016028000,Powiat wągrowiecki,2020,0,2137,Ludność w wieku 65 lat i więcej
023016028000,Powiat wągrowiecki,2021,15,2137,Ludność w wieku 65 lat i więcej
023016028000,Powiat wągrowiecki,2022,0,2137,Ludność w wieku 65 lat i więcej
023016028000,Powiat wągrowiecki,2023,2880,2137,Ludność w wieku 65 lat i więcej
